,partition
0,1859
1,176
2,113
3,1583
4,99
5,47
6,1584
7,1601
8,4
9,1585
10,1
11,1
12,1586
13,1587
14,2415
15,2046
16,2067
17,746
18,622
19,2301
20,747
21,748
22,967
23,749
24,750
25,1905
26,2829
27,1623
28,15
29,751
30,2244
31,2397
32,526
33,1438
34,15
35,385
36,138
37,2378
38,1067
39,386
40,2475
41,540
42,387
43,37
44,2536
45,2
46,24
47,343
48,1159
49,6
50,254
51,1319
52,110
53,16
54,1674
55,436
56,512
57,1924
58,16
59,1551
60,15
61,1120
62,437
63,2496
64,2
65,575
66,2
67,576
68,577
69,216
70,578
71,15
72,1
73,2422
74,37
75,61
76,2
77,1575
78,85
79,791
80,568
81,2
82,68
83,569
84,2044
85,581
86,102
87,2200
88,1566
89,1175
90,570
91,2536
92,2266
93,1257
94,571
95,767
96,8
97,264
98,564
99,712
100,1223
101,265
102,1665
103,22
104,266
105,991
106,833
107,1838
108,854
109,1290
110,311
111,60
112,2761
113,2150
114,32
115,1
116,2668
117,461
118,462
119,463
120,2577
121,1657
122,464
123,807
124,731
125,465
126,1607
127,466
128,669
129,1215
130,670
131,102
132,374
133,374
134,853
135,1116
136,671
137,238
138,2569
139,622
140,4
141,116
142,1386
143,257
144,15
145,552
146,2173
147,553
148,554
149,138
150,2344
151,555
152,556
153,1683
154,557
155,51
156,2363
157,1959
158,1669
159,1762
160,44
161,847
162,1
163,45
164,2083
165,425
166,1845
167,33
168,713
169,46
170,828
171,178
172,124
173,1553
174,47
175,48
176,690
177,800
178,15
179,2682
180,213
181,214
182,1046
183,577
184,1451
185,215
186,2245
187,86
188,407
189,1831
190,1430
191,2580
192,1363
193,388
194,1081
195,1147
196,389
197,655
198,2362
199,460
200,1811
201,2
202,633
203,15
204,390
205,2772
206,1651
207,728
208,1088
209,1089
210,1090
211,2408
212,1091
213,1092
214,1093
215,57
216,1660
217,1094
218,2262
219,2207
220,1244
221,80
222,214
223,1095
224,2600
225,306
226,1776
227,378
228,617
229,915
230,916
231,917
232,461
233,15
234,39
235,593
236,2700
237,918
238,1485
239,2523
240,365
241,684
242,1451
243,2148
244,775
245,1343
246,1074
247,905
248,660
249,6
250,366
251,2059
252,15
253,367
254,1545
255,510
256,2
257,1139
258,60
259,1140
260,73
261,2
262,1
263,2229
264,1141
265,145
266,1136
267,1142
268,1143
269,1144
270,1379
271,336
272,716
273,2816
274,35
275,257
276,1693
277,1864
278,1280
279,45
280,258
281,570
282,596
283,15
284,259
285,1410
286,1620
287,11
288,458
289,95
290,1826
291,2
292,110
293,459
294,2639
295,1286
296,2280
297,36
298,2
299,1686
300,1703
301,460
302,537
303,1053
304,1708
305,1041
306,281
307,16
308,2034
309,16
310,2
311,38
312,2647
313,282
314,145
315,32
316,2
317,283
318,2468
319,284
320,65
321,2371
322,945
323,2372
324,2373
325,2374
326,2375
327,2376
328,56
329,2377
330,1504
331,2378
332,2
333,171
334,37
335,17
336,1949
337,680
338,2537
339,2
340,2
341,754
342,666
343,1975
344,38
345,16
346,2
347,1250
348,667
349,15
350,38
351,668
352,874
353,875
354,876
355,113
356,877
357,878
358,20
359,2336
360,879
361,123
362,880
363,1156
364,881
365,33
366,110
367,102
368,827
369,828
370,2
371,2702
372,33
373,149
374,829
375,89
376,196
377,830
378,94
379,446
380,688
381,337
382,1631
383,1451
384,2683
385,1690
386,1691
387,39
388,2643
389,1692
390,2
391,1693
392,2632
393,1694
394,1695
395,1696
396,39
397,1697
398,2
399,1860
400,239
401,766
402,767
403,1510
404,95
405,768
406,2
407,769
408,585
409,770
410,771
411,1639
412,15
413,772
414,1334
415,1079
416,1895
417,26
418,629
419,43
420,196
421,1522
422,183
423,2503
424,630
425,51
426,15
427,740
428,15
429,196
430,561
431,1724
432,2058
433,330
434,176
435,1452
436,356
437,615
438,148
439,119
440,102
441,331
442,1610
443,332
444,1451
445,893
446,333
447,334
448,1901
449,109
450,1038
451,52
452,976
453,1405
454,53
455,42
456,1095
457,875
458,2
459,2481
460,545
461,2
462,1858
463,2219
464,1553
465,1554
466,317
467,1555
468,1556
469,1557
470,1558
471,1559
472,2
473,1560
474,1561
475,1562
476,2
477,1646
478,1563
479,1564
480,196
481,2
482,1898
483,1899
484,2
485,2101
486,99
487,747
488,1900
489,2491
490,1901
491,1902
492,37
493,1903
494,18
495,39
496,15
497,951
498,1964
499,1197
500,14
501,1127
502,1944
503,952
504,1714
505,953
506,2
507,2552
508,954
509,122
510,955
511,686
512,1273
513,2
514,138
515,2
516,741
517,886
518,742
519,743
520,1218
521,39
522,2424
523,2
524,744
525,745
526,2
527,598
528,39
529,537
530,538
531,2
532,2328
533,2
534,539
535,1849
536,2163
537,2061
538,1878
539,1034
540,30
541,33
542,523
543,1892
544,1472
545,8
546,1104
547,1168
548,927
549,928
550,929
551,707
552,930
553,931
554,2536
555,1803
556,932
557,1031
558,933
559,2070
560,294
561,587
562,15
563,2
564,545
565,546
566,547
567,548
568,33
569,2263
570,15
571,549
572,624
573,1253
574,1428
575,2807
576,864
577,961
578,309
579,571
580,403
581,4
582,891
583,267
584,400
585,1132
586,1193
587,626
588,1787
589,2299
590,2341
591,1695
592,24
593,304
594,1114
595,2613
596,15
597,1033
598,1542
599,1295
600,2199
601,1983
602,173
603,332
604,263
605,351
606,1
607,625
608,654
609,525
610,20
611,244
612,655
613,656
614,15
615,657
616,1431
617,1011
618,4
619,658
620,294
621,1527
622,216
623,2
624,2242
625,2243
626,2361
627,139
628,2244
629,2245
630,2246
631,2247
632,2298
633,103
634,2248
635,4
636,16
637,123
638,2249
639,15
640,1751
641,2137
642,1752
643,1753
644,617
645,60
646,1754
647,1755
648,2603
649,2226
650,1756
651,2433
652,1757
653,2760
654,1758
655,196
656,659
657,535
658,660
659,23
660,661
661,118
662,15
663,260
664,2690
665,662
666,8
667,2051
668,663
669,664
670,196
671,665
672,645
673,141
674,1217
675,313
676,707
677,92
678,1687
679,419
680,949
681,693
682,287
683,23
684,213
685,968
686,468
687,40
688,39
689,1132
690,1774
691,145
692,2172
693,1133
694,2
695,15
696,1848
697,2684
698,1134
699,1135
700,1136
701,1137
702,2
703,1138
704,60
705,314
706,153
707,1479
708,154
709,465
710,1
711,2143
712,173
713,2145
714,43
715,155
716,477
717,268
718,504
719,2202
720,8
721,187
722,188
723,2133
724,189
725,262
726,210
727,190
728,15
729,191
730,192
731,193
732,444
733,2269
734,1
735,1638
736,1000
737,1460
738,143
739,1422
740,207
741,2126
742,271
743,16
744,144
745,344
746,145
747,2524
748,924
749,1174
750,1898
751,158
752,2272
753,844
754,1447
755,24
756,2
757,1744
758,15
759,396
760,397
761,1208
762,1407
763,2227
764,239
765,398
766,1451
767,1188
768,15
769,2210
770,208
771,2570
772,15
773,15
774,2211
775,57
776,2212
777,2213
778,16
779,2
780,2214
781,2215
782,39
783,2216
784,2524
785,2525
786,2526
787,16
788,2527
789,115
790,2528
791,2529
792,254
793,2530
794,2531
795,1926
796,2821
797,2532
798,252
799,2533
800,38
801,1217
802,2379
803,2501
804,128
805,129
806,30
807,130
808,2182
809,15
810,33
811,115
812,15
813,15
814,131
815,132
816,51
817,138
818,1249
819,122
820,2342
821,558
822,329
823,138
824,1982
825,60
826,16
827,1609
828,15
829,244
830,821
831,401
832,2
833,1289
834,51
835,20
836,473
837,632
838,553
839,815
840,2604
841,15
842,110
843,474
844,1370
845,2564
846,475
847,2
848,1890
849,1437
850,631
851,36
852,15
853,1641
854,49
855,244
856,632
857,2118
858,633
859,2236
860,1436
861,1025
862,797
863,1451
864,37
865,2
866,2416
867,2417
868,2
869,2
870,2418
871,2419
872,2420
873,2421
874,126
875,2
876,81
877,345
878,1451
879,80
880,15
881,2214
882,2204
883,2080
884,2753
885,2
886,784
887,785
888,68
889,1480
890,1
891,786
892,787
893,788
894,789
895,30
896,882
897,1420
898,1333
899,42
900,125
901,1138
902,883
903,1182
904,884
905,885
906,886
907,887
908,1884
909,85
910,888
911,1995
912,585
913,2497
914,1451
915,15
916,2498
917,1598
918,2499
919,2500
920,115
921,2501
922,2502
923,196
924,2503
925,404
926,2536
927,2676
928,2354
929,445
930,446
931,447
932,814
933,448
934,37
935,2
936,1013
937,15
938,2
939,449
940,2640
941,115
942,450
943,1288
944,471
945,2741
946,783
947,76
948,2330
949,439
950,77
951,228
952,2294
953,78
954,483
955,79
956,2119
957,2387
958,168
959,80
960,510
961,511
962,1526
963,2367
964,1
965,49
966,51
967,1451
968,1506
969,965
970,512
971,1644
972,750
973,445
974,17
975,513
976,2108
977,74
978,2304
979,1754
980,774
981,438
982,1048
983,104
984,439
985,440
986,1863
987,1766
988,1096
989,42
990,1775
991,443
992,743
993,1618
994,606
995,1793
996,9
997,253
998,165
999,436
1000,376
1001,44
1002,739
1003,84
1004,107
1005,317
1006,1537
1007,336
1008,2016
1009,2716
1010,2017
1011,2018
1012,2019
1013,1451
1014,2438
1015,80
1016,2020
1017,2021
1018,1451
1019,2
1020,780
1021,226
1022,2022
1023,546
1024,16
1025,364
1026,71
1027,15
1028,2060
1029,16
1030,72
1031,300
1032,73
1033,2745
1034,74
1035,784
1036,2
1037,75
1038,120
1039,211
1040,1963
1041,2250
1042,1964
1043,1965
1044,1966
1045,1967
1046,1968
1047,2062
1048,2192
1049,1969
1050,1970
1051,2069
1052,1971
1053,2090
1054,1972
1055,2064
1056,1078
1057,1434
1058,381
1059,1
1060,2834
1061,826
1062,360
1063,1201
1064,1812
1065,382
1066,61
1067,1569
1068,383
1069,741
1070,384
1071,1375
1072,1596
1073,642
1074,491
1075,2
1076,2732
1077,985
1078,2
1079,2458
1080,33
1081,268
1082,2
1083,269
1084,139
1085,33
1086,1954
1087,290
1088,207
1089,18
1090,1341
1091,1
1092,208
1093,610
1094,285
1095,987
1096,609
1097,2309
1098,209
1099,2087
1100,65
1101,15
1102,210
1103,2802
1104,613
1105,614
1106,615
1107,38
1108,1063
1109,2610
1110,616
1111,832
1112,189
1113,2519
1114,617
1115,2
1116,618
1117,619
1118,620
1119,374
1120,2109
1121,33
1122,2110
1123,2111
1124,2112
1125,758
1126,2533
1127,2113
1128,47
1129,2114
1130,1598
1131,2115
1132,999
1133,2116
1134,2117
1135,2118
1136,225
1137,2
1138,1398
1139,226
1140,251
1141,227
1142,1364
1143,228
1144,47
1145,771
1146,2434
1147,229
1148,230
1149,1454
1150,295
1151,231
1152,47
1153,2271
1154,2272
1155,2
1156,61
1157,2273
1158,2274
1159,2824
1160,16
1161,2275
1162,2276
1163,1
1164,26
1165,2277
1166,47
1167,4
1168,1679
1169,1759
1170,1680
1171,1681
1172,1682
1173,1756
1174,1683
1175,1684
1176,17
1177,1685
1178,2620
1179,1686
1180,2
1181,1687
1182,1688
1183,1689
1184,2581
1185,4
1186,51
1187,68
1188,709
1189,924
1190,2518
1191,325
1192,925
1193,15
1194,16
1195,53
1196,1621
1197,926
1198,2187
1199,2
1200,2736
1201,1724
1202,2
1203,1725
1204,1726
1205,60
1206,2376
1207,1727
1208,33
1209,2428
1210,2
1211,1728
1212,61
1213,61
1214,110
1215,1729
1216,1165
1217,51
1218,2815
1219,927
1220,1014
1221,376
1222,343
1223,60
1224,19
1225,544
1226,345
1227,377
1228,15
1229,2590
1230,1678
1231,843
1232,190
1233,696
1234,97
1235,488
1236,1799
1237,1459
1238,127
1239,1539
1240,1020
1241,605
1242,174
1243,1926
1244,575
1245,265
1246,549
1247,560
1248,61
1249,2482
1250,2483
1251,103
1252,2706
1253,2484
1254,17
1255,2
1256,2485
1257,2486
1258,15
1259,2487
1260,2488
1261,461
1262,15
1263,2489
1264,254
1265,1455
1266,2053
1267,2098
1268,1456
1269,32
1270,2077
1271,1604
1272,1457
1273,1458
1274,1459
1275,1533
1276,11
1277,1460
1278,2370
1279,1461
1280,889
1281,699
1282,244
1283,2711
1284,890
1285,891
1286,1321
1287,1612
1288,1590
1289,892
1290,2295
1291,1664
1292,2
1293,893
1294,894
1295,106
1296,1597
1297,1987
1298,574
1299,2276
1300,1598
1301,1599
1302,1600
1303,1
1304,61
1305,1699
1306,346
1307,1601
1308,1602
1309,2076
1310,1603
1311,1
1312,1837
1313,1838
1314,1839
1315,2498
1316,60
1317,15
1318,1840
1319,51
1320,1841
1321,1842
1322,39
1323,1843
1324,60
1325,1844
1326,252
1327,2
1328,1563
1329,28
1330,1503
1331,1345
1332,1740
1333,827
1334,413
1335,2
1336,646
1337,2463
1338,29
1339,1417
1340,91
1341,1126
1342,1602
1343,30
1344,2
1345,1049
1346,132
1347,1970
1348,60
1349,1050
1350,85
1351,99
1352,1051
1353,15
1354,622
1355,1052
1356,1053
1357,1477
1358,1715
1359,1237
1360,2119
1361,80
1362,2120
1363,2121
1364,16
1365,39
1366,2122
1367,2
1368,15
1369,15
1370,2123
1371,2124
1372,61
1373,2125
1374,2126
1375,2127
1376,2041
1377,15
1378,2042
1379,2043
1380,2664
1381,2044
1382,450
1383,2045
1384,2
1385,2046
1386,4
1387,2
1388,145
1389,2152
1390,2047
1391,2048
1392,15
1393,2368
1394,524
1395,525
1396,1797
1397,526
1398,527
1399,46
1400,528
1401,2001
1402,376
1403,529
1404,530
1405,1543
1406,41
1407,998
1408,122
1409,2
1410,794
1411,795
1412,2
1413,1359
1414,1340
1415,2427
1416,796
1417,797
1418,17
1419,2
1420,798
1421,2
1422,799
1423,800
1424,2014
1425,33
1426,273
1427,274
1428,253
1429,2
1430,39
1431,903
1432,20
1433,1648
1434,2744
1435,398
1436,275
1437,372
1438,39
1439,276
1440,65
1441,2217
1442,2510
1443,10
1444,2218
1445,2219
1446,409
1447,2220
1448,2
1449,2221
1450,2793
1451,2528
1452,2409
1453,2265
1454,2222
1455,2223
1456,672
1457,270
1458,777
1459,1541
1460,704
1461,673
1462,674
1463,675
1464,39
1465,676
1466,867
1467,81
1468,889
1469,677
1470,946
1471,67
1472,2636
1473,232
1474,1
1475,629
1476,233
1477,1064
1478,2575
1479,2810
1480,2091
1481,202
1482,17
1483,1212
1484,2514
1485,1178
1486,1487
1487,30
1488,1050
1489,604
1490,605
1491,2
1492,2561
1493,152
1494,606
1495,2
1496,607
1497,2691
1498,1385
1499,1161
1500,608
1501,39
1502,60
1503,196
1504,1488
1505,2579
1506,163
1507,1279
1508,1125
1509,2048
1510,2
1511,371
1512,372
1513,373
1514,2759
1515,951
1516,374
1517,375
1518,2012
1519,1406
1520,41
1521,1308
1522,1309
1523,1310
1524,1311
1525,1312
1526,1313
1527,2369
1528,2081
1529,1314
1530,1866
1531,2
1532,15
1533,32
1534,2423
1535,1315
1536,2
1537,2
1538,270
1539,4
1540,852
1541,4
1542,872
1543,812
1544,16
1545,819
1546,271
1547,388
1548,613
1549,272
1550,2
1551,353
1552,1415
1553,349
1554,1720
1555,1416
1556,1757
1557,1417
1558,1636
1559,1418
1560,1419
1561,1420
1562,16
1563,1421
1564,1444
1565,51
1566,147
1567,2725
1568,51
1569,514
1570,15
1571,698
1572,515
1573,516
1574,517
1575,22
1576,2063
1577,1109
1578,518
1579,519
1580,590
1581,1704
1582,1051
1583,520
1584,1690
1585,2828
1586,2829
1587,1195
1588,16
1589,2830
1590,2831
1591,115
1592,16
1593,2
1594,2832
1595,2833
1596,2834
1597,2835
1598,2836
1599,2837
1600,362
1601,27
1602,681
1603,1451
1604,1009
1605,50
1606,1234
1607,298
1608,2
1609,520
1610,296
1611,58
1612,1397
1613,16
1614,966
1615,261
1616,1736
1617,521
1618,2007
1619,522
1620,618
1621,523
1622,43
1623,1560
1624,923
1625,1180
1626,541
1627,38
1628,1047
1629,926
1630,104
1631,184
1632,13
1633,86
1634,280
1635,108
1636,523
1637,113
1638,260
1639,219
1640,189
1641,252
1642,218
1643,338
1644,337
1645,378
1646,19
1647,945
1648,15
1649,2256
1650,2751
1651,18
1652,110
1653,1422
1654,2006
1655,1591
1656,13
1657,2553
1658,189
1659,2
1660,2536
1661,1839
1662,1423
1663,2547
1664,1861
1665,1381
1666,252
1667,42
1668,1382
1669,2
1670,2325
1671,1383
1672,1570
1673,2288
1674,1384
1675,1385
1676,1386
1677,2353
1678,1387
1679,315
1680,15
1681,489
1682,531
1683,2121
1684,753
1685,1666
1686,24
1687,51
1688,2208
1689,104
1690,57
1691,576
1692,2000
1693,532
1694,2797
1695,294
1696,17
1697,33
1698,790
1699,1517
1700,860
1701,1888
1702,791
1703,792
1704,244
1705,166
1706,222
1707,51
1708,793
1709,2
1710,213
1711,1816
1712,2
1713,2254
1714,37
1715,1940
1716,1514
1717,38
1718,2372
1719,1515
1720,16
1721,1516
1722,1517
1723,133
1724,4
1725,199
1726,1518
1727,1519
1728,33
1729,38
1730,2633
1731,4
1732,2536
1733,1739
1734,1121
1735,4
1736,1122
1737,1123
1738,2
1739,1312
1740,1124
1741,15
1742,2317
1743,1129
1744,1173
1745,2235
1746,758
1747,2236
1748,99
1749,112
1750,2237
1751,2238
1752,2
1753,2
1754,2239
1755,39
1756,46
1757,2240
1758,104
1759,2241
1760,15
1761,1389
1762,703
1763,1167
1764,280
1765,878
1766,588
1767,2505
1768,429
1769,1770
1770,15
1771,589
1772,1432
1773,590
1774,202
1775,104
1776,2009
1777,2010
1778,2011
1779,15
1780,2012
1781,1195
1782,2013
1783,2536
1784,347
1785,15
1786,30
1787,2014
1788,33
1789,2015
1790,16
1791,60
1792,1527
1793,1528
1794,1529
1795,17
1796,1547
1797,1530
1798,1531
1799,1532
1800,68
1801,1589
1802,709
1803,1533
1804,226
1805,1534
1806,1535
1807,1536
1808,196
1809,1558
1810,2
1811,956
1812,15
1813,38
1814,957
1815,958
1816,15
1817,1844
1818,1075
1819,1469
1820,959
1821,960
1822,1039
1823,961
1824,992
1825,1451
1826,1587
1827,993
1828,994
1829,1897
1830,15
1831,995
1832,996
1833,997
1834,998
1835,436
1836,383
1837,84
1838,2359
1839,260
1840,2379
1841,2380
1842,2
1843,79
1844,176
1845,2381
1846,2382
1847,2534
1848,2383
1849,2128
1850,2384
1851,265
1852,2385
1853,2386
1854,102
1855,2442
1856,2
1857,2629
1858,2630
1859,2631
1860,2632
1861,2633
1862,2634
1863,2635
1864,2636
1865,112
1866,2637
1867,2638
1868,2639
1869,2640
1870,2641
1871,2642
1872,60
1873,2335
1874,2336
1875,15
1876,2337
1877,2338
1878,2339
1879,2373
1880,24
1881,2340
1882,481
1883,218
1884,2341
1885,2471
1886,2342
1887,4
1888,33
1889,174
1890,657
1891,2546
1892,1222
1893,230
1894,2
1895,68
1896,4
1897,1245
1898,67
1899,2699
1900,212
1901,369
1902,1821
1903,24
1904,1907
1905,1668
1906,2476
1907,2025
1908,981
1909,982
1910,983
1911,984
1912,49
1913,985
1914,39
1915,997
1916,1833
1917,205
1918,145
1919,986
1920,1991
1921,113
1922,1992
1923,2619
1924,1993
1925,1994
1926,1995
1927,122
1928,1996
1929,1997
1930,1998
1931,1999
1932,2000
1933,2001
1934,61
1935,2
1936,2651
1937,2652
1938,2653
1939,2654
1940,1261
1941,585
1942,2655
1943,1
1944,2656
1945,422
1946,2657
1947,2658
1948,1573
1949,2659
1950,2660
1951,2661
1952,117
1953,205
1954,239
1955,148
1956,69
1957,709
1958,89
1959,635
1960,201
1961,238
1962,831
1963,202
1964,142
1965,129
1966,118
1967,315
1968,2643
1969,2644
1970,2
1971,47
1972,15
1973,196
1974,2
1975,2645
1976,2646
1977,2647
1978,2648
1979,2681
1980,37
1981,645
1982,2649
1983,2650
1984,2
1985,115
1986,2237
1987,1496
1988,166
1989,943
1990,335
1991,317
1992,1451
1993,4
1994,318
1995,1409
1996,2166
1997,319
1998,51
1999,2340
2000,2504
2001,2505
2002,11
2003,2506
2004,2507
2005,2508
2006,2509
2007,2510
2008,859
2009,523
2010,2511
2011,2512
2012,8
2013,2513
2014,884
2015,2514
2016,2002
2017,276
2018,2003
2019,51
2020,2004
2021,2005
2022,598
2023,2006
2024,2007
2025,145
2026,66
2027,1492
2028,2008
2029,405
2030,2
2031,68
2032,987
2033,2125
2034,988
2035,2
2036,989
2037,990
2038,33
2039,1559
2040,991
2041,205
2042,2838
2043,16
2044,1481
2045,469
2046,2504
2047,1571
2048,579
2049,580
2050,301
2051,47
2052,2
2053,157
2054,581
2055,254
2056,582
2057,2
2058,583
2059,770
2060,1605
2061,584
2062,2065
2063,78
2064,1537
2065,2838
2066,1992
2067,2
2068,1195
2069,2468
2070,2469
2071,2470
2072,2471
2073,405
2074,254
2075,2472
2076,2473
2077,2488
2078,15
2079,2474
2080,37
2081,2536
2082,415
2083,416
2084,2
2085,451
2086,417
2087,1637
2088,648
2089,914
2090,2
2091,1765
2092,418
2093,15
2094,102
2095,2396
2096,470
2097,1814
2098,2660
2099,208
2100,2383
2101,2410
2102,1084
2103,41
2104,303
2105,1515
2106,2032
2107,16
2108,33
2109,15
2110,1887
2111,1820
2112,651
2113,2584
2114,780
2115,934
2116,935
2117,936
2118,338
2119,1903
2120,378
2121,1616
2122,60
2123,2625
2124,11
2125,1131
2126,937
2127,957
2128,1191
2129,4
2130,2486
2131,726
2132,257
2133,2
2134,1911
2135,1303
2136,727
2137,2462
2138,579
2139,728
2140,729
2141,123
2142,2
2143,730
2144,986
2145,731
2146,892
2147,448
2148,2
2149,2010
2150,2418
2151,248
2152,1653
2153,1908
2154,572
2155,1130
2156,170
2157,171
2158,810
2159,1030
2160,172
2161,1546
2162,1203
2163,1202
2164,2035
2165,1205
2166,1206
2167,252
2168,1207
2169,1308
2170,54
2171,1208
2172,345
2173,1209
2174,15
2175,2206
2176,1458
2177,1204
2178,2
2179,2
2180,2394
2181,2353
2182,656
2183,2354
2184,8
2185,2355
2186,2356
2187,49
2188,2357
2189,2358
2190,2359
2191,557
2192,2
2193,142
2194,22
2195,24
2196,567
2197,304
2198,381
2199,305
2200,306
2201,54
2202,307
2203,308
2204,309
2205,310
2206,742
2207,8
2208,1906
2209,2
2210,2102
2211,2103
2212,125
2213,2
2214,374
2215,2105
2216,2106
2217,47
2218,1451
2219,15
2220,2417
2221,1799
2222,2411
2223,2107
2224,2108
2225,2104
2226,2079
2227,2080
2228,15
2229,175
2230,107
2231,2081
2232,2776
2233,2356
2234,489
2235,2082
2236,86
2237,2083
2238,2084
2239,1
2240,347
2241,2
2242,971
2243,345
2244,709
2245,710
2246,792
2247,732
2248,711
2249,635
2250,666
2251,712
2252,713
2253,2
2254,276
2255,714
2256,8
2257,1144
2258,1792
2259,43
2260,15
2261,244
2262,8
2263,1793
2264,429
2265,1794
2266,1795
2267,2622
2268,1979
2269,347
2270,1796
2271,2
2272,2798
2273,2520
2274,1751
2275,1733
2276,2
2277,1108
2278,110
2279,1556
2280,940
2281,53
2282,300
2283,2033
2284,62
2285,301
2286,302
2287,51
2288,2
2289,39
2290,2
2291,2284
2292,656
2293,1511
2294,523
2295,838
2296,839
2297,840
2298,243
2299,206
2300,2
2301,115
2302,1001
2303,841
2304,842
2305,1012
2306,2713
2307,2202
2308,525
2309,2203
2310,1671
2311,2204
2312,1499
2313,2
2314,2205
2315,2206
2316,2207
2317,2208
2318,2355
2319,68
2320,2261
2321,2209
2322,345
2323,2
2324,2569
2325,15
2326,48
2327,2570
2328,15
2329,2
2330,2571
2331,2572
2332,2
2333,2573
2334,2574
2335,2
2336,2575
2337,37
2338,626
2339,627
2340,252
2341,61
2342,781
2343,574
2344,1302
2345,2196
2346,2162
2347,636
2348,2
2349,2
2350,811
2351,1925
2352,628
2353,2
2354,722
2355,252
2356,2
2357,115
2358,1
2359,2672
2360,582
2361,1093
2362,1200
2363,603
2364,518
2365,2
2366,1213
2367,1142
2368,253
2369,30
2370,1615
2371,43
2372,1394
2373,945
2374,685
2375,2002
2376,2828
2377,946
2378,947
2379,2181
2380,948
2381,1730
2382,949
2383,950
2384,2
2385,84
2386,2
2387,843
2388,244
2389,270
2390,1642
2391,2171
2392,874
2393,1871
2394,844
2395,845
2396,16
2397,15
2398,846
2399,1917
2400,1443
2401,847
2402,80
2403,1197
2404,2617
2405,1712
2406,1198
2407,1497
2408,43
2409,1199
2410,15
2411,1200
2412,1347
2413,1875
2414,1201
2415,1202
2416,2767
2417,739
2418,1054
2419,862
2420,2
2421,1999
2422,1024
2423,15
2424,701
2425,700
2426,2
2427,1369
2428,939
2429,2366
2430,701
2431,1238
2432,287
2433,26
2434,938
2435,2
2436,2680
2437,30
2438,939
2439,940
2440,941
2441,2
2442,942
2443,2
2444,943
2445,622
2446,2542
2447,2026
2448,944
2449,1748
2450,1
2451,2617
2452,2
2453,2618
2454,2619
2455,2620
2456,2621
2457,2622
2458,2623
2459,2624
2460,2625
2461,68
2462,2626
2463,2627
2464,2628
2465,735
2466,2089
2467,4
2468,2769
2469,145
2470,1732
2471,902
2472,903
2473,904
2474,904
2475,1585
2476,38
2477,905
2478,196
2479,61
2480,906
2481,16
2482,76
2483,2610
2484,2611
2485,2612
2486,2613
2487,67
2488,969
2489,41
2490,2614
2491,1229
2492,2615
2493,102
2494,15
2495,1352
2496,649
2497,2616
2498,2566
2499,37
2500,80
2501,39
2502,821
2503,822
2504,2
2505,984
2506,823
2507,824
2508,958
2509,1275
2510,825
2511,1351
2512,826
2513,1316
2514,2049
2515,2259
2516,119
2517,39
2518,2050
2519,2051
2520,2052
2521,2053
2522,51
2523,2054
2524,668
2525,181
2526,2
2527,2056
2528,2
2529,2055
2530,1784
2531,37
2532,782
2533,333
2534,361
2535,159
2536,493
2537,950
2538,160
2539,1233
2540,75
2541,2
2542,161
2543,15
2544,1518
2545,2
2546,1125
2547,293
2548,1451
2549,1126
2550,1127
2551,1128
2552,1129
2553,116
2554,2029
2555,57
2556,1130
2557,790
2558,276
2559,102
2560,2778
2561,1131
2562,2544
2563,2545
2564,2546
2565,2547
2566,2548
2567,2549
2568,2550
2569,2551
2570,2552
2571,2553
2572,2554
2573,2555
2574,2556
2575,2557
2576,2536
2577,2558
2578,2475
2579,522
2580,2
2581,2476
2582,8
2583,1020
2584,2477
2585,2478
2586,2812
2587,2479
2588,2480
2589,197
2590,2536
2591,133
2592,1
2593,2481
2594,151
2595,30
2596,1
2597,1418
2598,480
2599,1836
2600,1219
2601,2252
2602,2
2603,1163
2604,715
2605,99
2606,2459
2607,100
2608,620
2609,334
2610,895
2611,4
2612,2697
2613,2094
2614,896
2615,2138
2616,1777
2617,2482
2618,952
2619,897
2620,898
2621,899
2622,900
2623,1489
2624,901
2625,15
2626,1450
2627,2534
2628,18
2629,2535
2630,2536
2631,2537
2632,2538
2633,2539
2634,15
2635,2540
2636,2541
2637,1618
2638,1183
2639,2542
2640,15
2641,2543
2642,32
2643,490
2644,491
2645,492
2646,115
2647,1414
2648,1968
2649,1501
2650,493
2651,1818
2652,494
2653,495
2654,496
2655,497
2656,1
2657,498
2658,4
2659,846
2660,2435
2661,1974
2662,640
2663,2416
2664,809
2665,2395
2666,1169
2667,979
2668,706
2669,98
2670,1413
2671,2
2672,367
2673,16
2674,75
2675,2715
2676,645
2677,646
2678,1292
2679,288
2680,2677
2681,647
2682,2835
2683,1006
2684,2499
2685,1225
2686,648
2687,1287
2688,659
2689,649
2690,868
2691,2
2692,39
2693,123
2694,863
2695,124
2696,125
2697,1404
2698,236
2699,687
2700,435
2701,1070
2702,126
2703,1111
2704,127
2705,15
2706,1483
2707,15
2708,2554
2709,8
2710,1196
2711,234
2712,697
2713,1613
2714,698
2715,798
2716,2509
2717,699
2718,43
2719,53
2720,2
2721,60
2722,18
2723,2209
2724,1362
2725,1363
2726,1364
2727,1366
2728,2027
2729,2016
2730,1367
2731,1368
2732,945
2733,2565
2734,1369
2735,1370
2736,1371
2737,1365
2738,2445
2739,2446
2740,125
2741,16
2742,2447
2743,697
2744,45
2745,2448
2746,487
2747,15
2748,2832
2749,2449
2750,15
2751,37
2752,2450
2753,2444
2754,1701
2755,2197
2756,1338
2757,1248
2758,2068
2759,1439
2760,1393
2761,2598
2762,2096
2763,2160
2764,121
2765,1249
2766,2526
2767,1
2768,1250
2769,108
2770,2559
2771,561
2772,15
2773,2560
2774,2561
2775,163
2776,2811
2777,2608
2778,2562
2779,2563
2780,2564
2781,2565
2782,2566
2783,2567
2784,41
2785,2568
2786,1259
2787,854
2788,855
2789,856
2790,857
2791,858
2792,859
2793,38
2794,860
2795,866
2796,1965
2797,861
2798,2
2799,1045
2800,863
2801,862
2802,1276
2803,1384
2804,814
2805,815
2806,816
2807,1335
2808,2512
2809,817
2810,818
2811,206
2812,850
2813,822
2814,819
2815,820
2816,2548
2817,1727
2818,2
2819,2452
2820,2071
2821,1565
2822,338
2823,32
2824,1566
2825,1567
2826,1568
2827,1569
2828,244
2829,1570
2830,1571
2831,1572
2832,1573
2833,1574
2834,913
2835,285
2836,816
2837,1482
2838,286
2839,287
2840,288
2841,434
2842,1603
2843,289
2844,119
2845,1015
2846,1680
2847,1071
2848,918
2849,908
2850,540
2851,16
2852,541
2853,1735
2854,10
2855,1595
2856,542
2857,1043
2858,2210
2859,2316
2860,543
2861,544
2862,47
2863,95
2864,1092
2865,1002
2866,2396
2867,2
2868,2397
2869,115
2870,744
2871,394
2872,2398
2873,2399
2874,429
2875,644
2876,2400
2877,155
2878,2401
2879,2402
2880,2403
2881,2404
2882,929
2883,61
2884,45
2885,721
2886,47
2887,33
2888,922
2889,2439
2890,355
2891,15
2892,225
2893,650
2894,61
2895,1091
2896,178
2897,102
2898,885
2899,454
2900,156
2901,604
2902,1229
2903,1040
2904,446
2905,649
2906,135
2907,1923
2908,187
2909,563
2910,373
2911,688
2912,686
2913,181
2914,1028
2915,39
2916,777
2917,778
2918,2540
2919,1502
2920,779
2921,780
2922,1088
2923,15
2924,1772
2925,2837
2926,781
2927,782
2928,2
2929,783
2930,1562
2931,47
2932,2704
2933,788
2934,179
2935,1358
2936,246
2937,180
2938,49
2939,15
2940,1426
2941,2
2942,18
2943,181
2944,1456
2945,543
2946,2
2947,2335
2948,2
2949,499
2950,2391
2951,500
2952,129
2953,501
2954,502
2955,503
2956,504
2957,2801
2958,44
2959,2215
2960,925
2961,2701
2962,483
2963,61
2964,551
2965,484
2966,2013
2967,194
2968,485
2969,2
2970,486
2971,487
2972,488
2973,2597
2974,1441
2975,1933
2976,489
2977,280
2978,2
2979,2177
2980,75
2981,2178
2982,5
2983,2179
2984,2180
2985,2181
2986,2182
2987,2183
2988,2
2989,2260
2990,2184
2991,15
2992,98
2993,2185
2994,1331
2995,201
2996,1332
2997,20
2998,2287
2999,1333
3000,1792
3001,1334
3002,1769
3003,2
3004,764
3005,1335
3006,1336
3007,1976
3008,1337
3009,1330
3010,1209
3011,687
3012,688
3013,2630
3014,1412
3015,1177
3016,689
3017,690
3018,1918
3019,834
3020,691
3021,1371
3022,1271
3023,988
3024,196
3025,1689
3026,2
3027,2120
3028,2508
3029,1872
3030,1873
3031,2571
3032,2
3033,30
3034,2626
3035,1875
3036,1
3037,51
3038,1876
3039,1877
3040,2239
3041,1874
3042,16
3043,1629
3044,324
3045,1062
3046,931
3047,371
3048,61
3049,2
3050,1421
3051,60
3052,462
3053,15
3054,39
3055,2
3056,2
3057,65
3058,1016
3059,397
3060,103
3061,2652
3062,169
3063,104
3064,105
3065,392
3066,106
3067,198
3068,107
3069,1998
3070,8
3071,310
3072,482
3073,1231
3074,1714
3075,1715
3076,1716
3077,1717
3078,1718
3079,1719
3080,2543
3081,2
3082,39
3083,1721
3084,1862
3085,980
3086,1877
3087,1722
3088,1723
3089,1720
3090,769
3091,2
3092,2657
3093,1474
3094,1475
3095,1476
3096,1477
3097,1478
3098,1479
3099,17
3100,2506
3101,2
3102,2
3103,2178
3104,1481
3105,1480
3106,2033
3107,102
3108,2034
3109,2035
3110,2036
3111,141
3112,2
3113,2
3114,569
3115,2037
3116,639
3117,2038
3118,2039
3119,2040
3120,1
3121,2493
3122,2180
3123,21
3124,368
3125,794
3126,60
3127,1278
3128,369
3129,341
3130,370
3131,2124
3132,1122
3133,1399
3134,1162
3135,1076
3136,2403
3137,1060
3138,196
3139,1066
3140,254
3141,2275
3142,1067
3143,1059
3144,2332
3145,1068
3146,110
3147,1069
3148,1509
3149,747
3150,1070
3151,1071
3152,1355
3153,2375
3154,104
3155,1419
3156,156
3157,1240
3158,2149
3159,157
3160,1679
3161,267
3162,16
3163,212
3164,1179
3165,68
3166,455
3167,2222
3168,2457
3169,158
3170,2555
3171,90
3172,8
3173,1094
3174,404
3175,845
3176,405
3177,406
3178,970
3179,2738
3180,81
3181,1
3182,407
3183,745
3184,734
3185,2483
3186,550
3187,226
3188,13
3189,619
3190,15
3191,1464
3192,1474
3193,2082
3194,2754
3195,61
3196,2183
3197,551
3198,2140
3199,15
3200,293
3201,2231
3202,1423
3203,15
3204,1815
3205,669
3206,260
3207,1755
3208,261
3209,262
3210,305
3211,503
3212,1586
3213,1786
3214,244
3215,263
3216,2637
3217,20
3218,104
3219,1742
3220,1744
3221,2
3222,15
3223,1745
3224,1746
3225,32
3226,1747
3227,436
3228,1748
3229,4
3230,2527
3231,1749
3232,1750
3233,1743
3234,31
3235,34
3236,281
3237,32
3238,1913
3239,33
3240,2246
3241,2773
3242,1383
3243,746
3244,34
3245,1734
3246,1745
3247,1451
3248,16
3249,2011
3250,15
3251,1185
3252,243
3253,2594
3254,650
3255,2
3256,1342
3257,1052
3258,16
3259,651
3260,652
3261,1865
3262,2656
3263,653
3264,2205
3265,138
3266,2
3267,2
3268,720
3269,910
3270,16
3271,1825
3272,752
3273,140
3274,883
3275,2591
3276,1086
3277,39
3278,1272
3279,736
3280,1390
3281,54
3282,1338
3283,1339
3284,1340
3285,1341
3286,1342
3287,1343
3288,4
3289,54
3290,1973
3291,1869
3292,40
3293,1344
3294,1
3295,1345
3296,1346
3297,1347
3298,1240
3299,1241
3300,145
3301,557
3302,1242
3303,1427
3304,122
3305,1243
3306,15
3307,1244
3308,1245
3309,313
3310,1246
3311,2536
3312,1247
3313,1151
3314,1827
3315,457
3316,1112
3317,1113
3318,1114
3319,1583
3320,15
3321,1115
3322,1116
3323,1117
3324,36
3325,60
3326,39
3327,1118
3328,1119
3329,1120
3330,840
3331,451
3332,623
3333,452
3334,15
3335,453
3336,580
3337,115
3338,39
3339,454
3340,41
3341,1291
3342,661
3343,2
3344,568
3345,548
3346,591
3347,1796
3348,2592
3349,756
3350,384
3351,714
3352,592
3353,1478
3354,189
3355,115
3356,2638
3357,593
3358,15
3359,2
3360,1824
3361,47
3362,2195
3363,772
3364,412
3365,1536
3366,413
3367,414
3368,32
3369,2
3370,437
3371,1139
3372,1141
3373,60
3374,1588
3375,2
3376,2036
3377,20
3378,1766
3379,1767
3380,15
3381,47
3382,2194
3383,1768
3384,1
3385,39
3386,190
3387,1769
3388,1770
3389,59
3390,983
3391,374
3392,2
3393,60
3394,11
3395,32
3396,15
3397,2662
3398,15
3399,2663
3400,2664
3401,2665
3402,2666
3403,2667
3404,2668
3405,16
3406,315
3407,16
3408,30
3409,15
3410,1935
3411,1936
3412,61
3413,1937
3414,288
3415,1938
3416,1939
3417,1217
3418,7
3419,2737
3420,2449
3421,4
3422,1940
3423,1036
3424,1941
3425,2382
3426,2317
3427,2318
3428,2319
3429,2320
3430,2321
3431,39
3432,2322
3433,2323
3434,2324
3435,33
3436,2325
3437,2326
3438,16
3439,115
3440,2447
3441,2
3442,2283
3443,30
3444,2530
3445,743
3446,1311
3447,572
3448,1463
3449,573
3450,33
3451,932
3452,218
3453,11
3454,16
3455,574
3456,2235
3457,1258
3458,2603
3459,39
3460,2604
3461,2605
3462,2606
3463,2
3464,194
3465,196
3466,221
3467,2607
3468,2608
3469,2
3470,2609
3471,289
3472,1828
3473,2
3474,2631
3475,1610
3476,1611
3477,1904
3478,1612
3479,1613
3480,2251
3481,216
3482,1614
3483,0
3484,1615
3485,2678
3486,1616
3487,16
3488,2030
3489,1617
3490,1015
3491,1016
3492,1017
3493,134
3494,1721
3495,214
3496,1018
3497,2
3498,1221
3499,15
3500,2038
3501,1376
3502,1681
3503,1020
3504,1021
3505,1019
3506,396
3507,906
3508,35
3509,36
3510,1337
3511,2
3512,670
3513,1155
3514,37
3515,2074
3516,38
3517,695
3518,2188
3519,578
3520,779
3521,1325
3522,945
3523,1730
3524,1135
3525,16
3526,2708
3527,68
3528,138
3529,1997
3530,1731
3531,273
3532,2
3533,39
3534,1732
3535,2654
3536,144
3537,1733
3538,431
3539,32
3540,2114
3541,586
3542,122
3543,432
3544,717
3545,51
3546,51
3547,433
3548,434
3549,280
3550,934
3551,1996
3552,51
3553,435
3554,137
3555,2655
3556,765
3557,881
3558,2020
3559,2221
3560,2
3561,2783
3562,2141
3563,1530
3564,138
3565,1567
3566,391
3567,1425
3568,21
3569,897
3570,598
3571,270
3572,343
3573,803
3574,25
3575,1059
3576,171
3577,1368
3578,1217
3579,450
3580,1491
3581,574
3582,1037
3583,5
3584,183
3585,758
3586,756
3587,1519
3588,15
3589,2241
3590,1950
3591,817
3592,757
3593,758
3594,218
3595,2
3596,759
3597,760
3598,39
3599,26
3600,761
3601,1764
3602,2103
3603,516
3604,2588
3605,2164
3606,55
3607,1057
3608,851
3609,56
3610,57
3611,51
3612,433
3613,58
3614,2535
3615,928
3616,59
3617,795
3618,1455
3619,959
3620,2450
3621,2129
3622,88
3623,292
3624,280
3625,293
3626,1656
3627,294
3628,32
3629,260
3630,102
3631,2135
3632,1597
3633,2
3634,641
3635,2
3636,1102
3637,391
3638,392
3639,393
3640,2392
3641,394
3642,2
3643,876
3644,472
3645,395
3646,2
3647,2
3648,1980
3649,521
3650,2165
3651,2166
3652,2167
3653,2168
3654,2556
3655,2169
3656,2170
3657,65
3658,2171
3659,2172
3660,2173
3661,2358
3662,2174
3663,2175
3664,2176
3665,33
3666,459
3667,1297
3668,2
3669,919
3670,839
3671,761
3672,1380
3673,39
3674,492
3675,231
3676,1627
3677,1663
3678,588
3679,216
3680,2161
3681,2
3682,243
3683,2158
3684,1090
3685,0
3686,441
3687,4
3688,2
3689,1113
3690,442
3691,458
3692,555
3693,443
3694,447
3695,444
3696,2441
3697,240
3698,2646
3699,609
3700,1540
3701,2616
3702,176
3703,1227
3704,610
3705,376
3706,43
3707,1854
3708,1994
3709,92
3710,930
3711,611
3712,612
3713,15
3714,1949
3715,115
3716,257
3717,2281
3718,1950
3719,51
3720,739
3721,60
3722,1951
3723,1952
3724,1953
3725,1954
3726,2717
3727,796
3728,2023
3729,2532
3730,1022
3731,2003
3732,1023
3733,2
3734,1024
3735,1145
3736,38
3737,116
3738,1549
3739,1203
3740,1025
3741,1026
3742,1027
3743,1028
3744,1945
3745,16
3746,803
3747,47
3748,2767
3749,2
3750,1555
3751,2768
3752,8
3753,2769
3754,414
3755,2770
3756,1928
3757,2771
3758,2772
3759,2
3760,2773
3761,1491
3762,864
3763,962
3764,865
3765,2634
3766,10
3767,606
3768,15
3769,866
3770,867
3771,1176
3772,868
3773,869
3774,1617
3775,15
3776,1652
3777,870
3778,1781
3779,1
3780,101
3781,19
3782,20
3783,1649
3784,700
3785,786
3786,167
3787,871
3788,2
3789,2536
3790,2248
3791,836
3792,22
3793,21
3794,2721
3795,115
3796,2722
3797,47
3798,2723
3799,2724
3800,37
3801,2725
3802,2
3803,2727
3804,2728
3805,49
3806,2729
3807,2730
3808,2731
3809,2726
3810,1619
3811,2398
3812,2186
3813,15
3814,60
3815,2187
3816,264
3817,2188
3818,15
3819,2253
3820,2189
3821,1921
3822,4
3823,2190
3824,15
3825,2191
3826,179
3827,402
3828,71
3829,675
3830,319
3831,994
3832,631
3833,2019
3834,682
3835,5
3836,981
3837,6
3838,7
3839,161
3840,2405
3841,556
3842,1429
3843,801
3844,802
3845,803
3846,81
3847,804
3848,1336
3849,1568
3850,1118
3851,2351
3852,1206
3853,938
3854,115
3855,2267
3856,805
3857,1943
3858,1105
3859,4
3860,762
3861,244
3862,61
3863,1121
3864,2
3865,2242
3866,1953
3867,1314
3868,61
3869,763
3870,65
3871,764
3872,765
3873,2264
3874,2551
3875,2023
3876,769
3877,2024
3878,2025
3879,2421
3880,2026
3881,2027
3882,47
3883,15
3884,116
3885,2028
3886,2029
3887,2030
3888,2031
3889,2032
3890,1316
3891,2703
3892,1317
3893,2624
3894,1318
3895,1643
3896,2
3897,2
3898,1525
3899,1319
3900,337
3901,115
3902,2536
3903,2
3904,1320
3905,830
3906,1942
3907,808
3908,605
3909,1943
3910,1944
3911,1451
3912,1945
3913,1946
3914,1947
3915,2507
3916,1958
3917,103
3918,1618
3919,2833
3920,2
3921,1948
3922,1059
3923,336
3924,1060
3925,15
3926,1061
3927,1062
3928,2789
3929,122
3930,1063
3931,1064
3932,2517
3933,2446
3934,196
3935,1065
3936,1
3937,2420
3938,114
3939,1592
3940,17
3941,1593
3942,1594
3943,2190
3944,831
3945,2175
3946,1595
3947,60
3948,13
3949,1451
3950,2
3951,194
3952,1596
3953,15
3954,1955
3955,1956
3956,2
3957,38
3958,1957
3959,15
3960,1958
3961,1959
3962,240
3963,1960
3964,60
3965,663
3966,1961
3967,1962
3968,12
3969,2621
3970,51
3971,245
3972,2786
3973,2
3974,2787
3975,2788
3976,17
3977,2789
3978,15
3979,337
3980,348
3981,1
3982,2791
3983,2792
3984,176
3985,2790
3986,1575
3987,115
3988,1576
3989,2095
3990,2127
3991,1577
3992,557
3993,2123
3994,1578
3995,1579
3996,240
3997,1580
3998,1581
3999,2
4000,4
4001,1582
4002,1408
4003,1409
4004,1410
4005,1582
4006,2
4007,1411
4008,2444
4009,1640
4010,2454
4011,1412
4012,1332
4013,1413
4014,365
4015,2765
4016,1414
4017,2456
4018,42
4019,81
4020,26
4021,163
4022,622
4023,194
4024,125
4025,10
4026,116
4027,557
4028,254
4029,49
4030,99
4031,119
4032,257
4033,293
4034,15
4035,1782
4036,1783
4037,1784
4038,1785
4039,1786
4040,1787
4041,15
4042,2659
4043,57
4044,1788
4045,1789
4046,2
4047,2720
4048,1790
4049,1791
4050,2402
4051,15
4052,133
4053,2780
4054,2567
4055,134
4056,129
4057,19
4058,1548
4059,2
4060,2615
4061,103
4062,135
4063,136
4064,960
4065,2453
4066,15
4067,368
4068,2494
4069,1152
4070,2142
4071,15
4072,288
4073,1153
4074,1061
4075,2618
4076,1154
4077,1155
4078,1156
4079,1731
4080,1157
4081,1920
4082,1808
4083,1809
4084,1810
4085,1811
4086,123
4087,560
4088,1812
4089,30
4090,1
4091,76
4092,2
4093,1813
4094,2174
4095,546
4096,2
4097,2474
4098,637
4099,638
4100,639
4101,227
4102,640
4103,2282
4104,2
4105,1003
4106,849
4107,1246
4108,641
4109,1
4110,642
4111,643
4112,644
4113,18
4114,1346
4115,2635
4116,194
4117,715
4118,2371
4119,2
4120,716
4121,835
4122,717
4123,778
4124,42
4125,718
4126,1630
4127,869
4128,719
4129,720
4130,176
4131,2599
4132,131
4133,1374
4134,356
4135,357
4136,2407
4137,358
4138,359
4139,1124
4140,1713
4141,676
4142,2078
4143,360
4144,2627
4145,81
4146,2492
4147,2400
4148,117
4149,517
4150,2331
4151,139
4152,358
4153,140
4154,508
4155,1941
4156,1842
4157,41
4158,108
4159,479
4160,1991
4161,879
4162,197
4163,445
4164,593
4165,461
4166,347
4167,216
4168,73
4169,457
4170,980
4171,22
4172,644
4173,288
4174,769
4175,180
4176,3
4177,409
4178,2287
4179,2288
4180,2289
4181,15
4182,2388
4183,2290
4184,2291
4185,393
4186,1687
4187,2292
4188,2293
4189,33
4190,2294
4191,604
4192,2295
4193,1
4194,907
4195,908
4196,909
4197,910
4198,2279
4199,911
4200,2085
4201,912
4202,2144
4203,2
4204,913
4205,914
4206,1372
4207,293
4208,1123
4209,1268
4210,679
4211,729
4212,2673
4213,2154
4214,829
4215,2321
4216,824
4217,94
4218,61
4219,95
4220,96
4221,15
4222,97
4223,2665
4224,730
4225,10
4226,2296
4227,2297
4228,2298
4229,176
4230,2299
4231,2
4232,2
4233,2300
4234,2301
4235,2302
4236,16
4237,2303
4238,4
4239,2304
4240,968
4241,16
4242,1578
4243,324
4244,2308
4245,1843
4246,325
4247,1119
4248,257
4249,326
4250,30
4251,327
4252,898
4253,2831
4254,514
4255,1564
4256,328
4257,705
4258,1845
4259,2466
4260,1846
4261,1847
4262,2755
4263,647
4264,1848
4265,1849
4266,1850
4267,39
4268,1851
4269,1852
4270,1853
4271,2092
4272,1492
4273,1854
4274,1199
4275,2153
4276,1007
4277,738
4278,455
4279,467
4280,60
4281,1146
4282,456
4283,2513
4284,2277
4285,2674
4286,457
4287,1966
4288,2339
4289,1952
4290,678
4291,469
4292,1056
4293,921
4294,2399
4295,470
4296,471
4297,1137
4298,802
4299,20
4300,1448
4301,2
4302,472
4303,38
4304,44
4305,49
4306,42
4307,385
4308,1929
4309,354
4310,417
4311,408
4312,0
4313,109
4314,1760
4315,13
4316,1956
4317,110
4318,111
4319,297
4320,108
4321,907
4322,2
4323,15
4324,678
4325,33
4326,679
4327,680
4328,2084
4329,681
4330,2804
4331,682
4332,1186
4333,683
4334,1235
4335,1700
4336,1
4337,684
4338,2230
4339,119
4340,1588
4341,0
4342,2
4343,1589
4344,1590
4345,2122
4346,1591
4347,1823
4348,1
4349,15
4350,2
4351,2
4352,1451
4353,2
4354,1068
4355,1670
4356,2
4357,182
4358,183
4359,2
4360,184
4361,185
4362,90
4363,1451
4364,39
4365,215
4366,186
4367,1
4368,1747
4369,1847
4370,489
4371,1136
4372,132
4373,166
4374,67
4375,656
4376,525
4377,585
4378,90
4379,126
4380,233
4381,535
4382,808
4383,221
4384,394
4385,685
4386,23
4387,1622
4388,2217
4389,312
4390,24
4391,2538
4392,1672
4393,28
4394,1207
4395,25
4396,52
4397,478
4398,2291
4399,2156
4400,2249
4401,26
4402,2
4403,1886
4404,621
4405,622
4406,269
4407,623
4408,624
4409,1457
4410,902
4411,2
4412,1508
4413,625
4414,1112
4415,450
4416,2480
4417,2377
4418,157
4419,242
4420,326
4421,348
4422,350
4423,223
4424,105
4425,1224
4426,502
4427,307
4428,1828
4429,74
4430,1555
4431,916
4432,62
4433,121
4434,593
4435,2
4436,1802
4437,2448
4438,4
4439,32
4440,2669
4441,21
4442,1803
4443,2
4444,1804
4445,1805
4446,1806
4447,1857
4448,4
4449,1807
4450,787
4451,1166
4452,1808
4453,2
4454,1326
4455,915
4456,692
4457,644
4458,1538
4459,693
4460,461
4461,694
4462,1140
4463,695
4464,696
4465,233
4466,848
4467,196
4468,1022
4469,2653
4470,1401
4471,115
4472,1468
4473,849
4474,850
4475,16
4476,2243
4477,1783
4478,851
4479,852
4480,338
4481,853
4482,201
4483,1626
4484,1627
4485,1628
4486,220
4487,1629
4488,1630
4489,1631
4490,2042
4491,1632
4492,11
4493,538
4494,1633
4495,83
4496,1634
4497,73
4498,13
4499,240
4500,1402
4501,95
4502,47
4503,1403
4504,1404
4505,1405
4506,4
4507,1406
4508,17
4509,39
4510,2093
4511,2431
4512,1407
4513,15
4514,747
4515,1499
4516,208
4517,383
4518,1921
4519,64
4520,697
4521,291
4522,76
4523,341
4524,214
4525,349
4526,139
4527,404
4528,79
4529,617
4530,38
4531,1304
4532,2
4533,630
4534,1190
4535,2795
4536,566
4537,86
4538,467
4539,1098
4540,511
4541,468
4542,1029
4543,1005
4544,989
4545,345
4546,17
4547,2
4548,257
4549,2260
4550,2836
4551,2261
4552,2262
4553,2263
4554,2264
4555,2265
4556,2266
4557,8
4558,2267
4559,2268
4560,2269
4561,2270
4562,1814
4563,1815
4564,219
4565,2582
4566,2056
4567,1816
4568,1817
4569,90
4570,1818
4571,949
4572,2
4573,349
4574,2698
4575,194
4576,1
4577,1819
4578,38
4579,30
4580,16
4581,2
4582,92
4583,2
4584,1832
4585,4
4586,416
4587,1017
4588,241
4589,177
4590,895
4591,379
4592,841
4593,93
4594,1135
4595,1424
4596,193
4597,1573
4598,1928
4599,59
4600,621
4601,1157
4602,790
4603,184
4604,368
4605,534
4606,969
4607,152
4608,149
4609,639
4610,1891
4611,2695
4612,1665
4613,2
4614,15
4615,8
4616,1666
4617,15
4618,15
4619,1667
4620,2593
4621,1668
4622,2830
4623,1669
4624,1670
4625,2333
4626,2405
4627,2406
4628,2407
4629,2464
4630,2785
4631,2408
4632,2409
4633,16
4634,2410
4635,2411
4636,2412
4637,163
4638,2413
4639,32
4640,2414
4641,2415
4642,1520
4643,656
4644,1353
4645,1354
4646,1355
4647,2
4648,1356
4649,2721
4650,1357
4651,1358
4652,1359
4653,81
4654,1937
4655,47
4656,1360
4657,1361
4658,29
4659,131
4660,1036
4661,1100
4662,192
4663,1534
4664,595
4665,614
4666,325
4667,234
4668,1619
4669,522
4670,569
4671,983
4672,83
4673,12
4674,32
4675,378
4676,1982
4677,1983
4678,1984
4679,95
4680,2574
4681,47
4682,1985
4683,1986
4684,1987
4685,15
4686,1988
4687,1989
4688,233
4689,1990
4690,125
4691,16
4692,60
4693,1516
4694,1432
4695,15
4696,2651
4697,1433
4698,2644
4699,65
4700,18
4701,2585
4702,2201
4703,60
4704,945
4705,1434
4706,38
4707,37
4708,244
4709,17
4710,2536
4711,102
4712,196
4713,68
4714,43
4715,374
4716,176
4717,138
4718,41
4719,18
4720,104
4721,110
4722,933
4723,1498
4724,243
4725,1
4726,2055
4727,395
4728,244
4729,1880
4730,245
4731,2343
4732,1099
4733,246
4734,9
4735,247
4736,321
4737,366
4738,123
4739,1169
4740,755
4741,1936
4742,1594
4743,1449
4744,1172
4745,115
4746,244
4747,1174
4748,1175
4749,1176
4750,1170
4751,1171
4752,51
4753,1173
4754,2360
4755,2362
4756,2363
4757,2364
4758,2365
4759,2366
4760,51
4761,2367
4762,2368
4763,2369
4764,291
4765,102
4766,2370
4767,15
4768,2361
4769,1598
4770,2774
4771,2775
4772,2776
4773,2777
4774,2778
4775,2779
4776,2780
4777,621
4778,2781
4779,29
4780,18
4781,2782
4782,2783
4783,2784
4784,4
4785,2785
4786,546
4787,153
4788,1598
4789,130
4790,294
4791,209
4792,405
4793,133
4794,206
4795,780
4796,112
4797,884
4798,85
4799,276
4800,744
4801,6
4802,1397
4803,43
4804,1768
4805,15
4806,1912
4807,1398
4808,1399
4809,1157
4810,2
4811,1400
4812,2
4813,1401
4814,2735
4815,374
4816,2791
4817,51
4818,226
4819,114
4820,1195
4821,1492
4822,54
4823,155
4824,45
4825,21
4826,46
4827,538
4828,429
4829,561
4830,36
4831,243
4832,14
4833,35
4834,2690
4835,15
4836,61
4837,122
4838,2691
4839,60
4840,2692
4841,2
4842,2693
4843,8
4844,2694
4845,2
4846,2695
4847,2696
4848,63
4849,2697
4850,1543
4851,1544
4852,1545
4853,1546
4854,39
4855,1547
4856,2
4857,1548
4858,1549
4859,1550
4860,1580
4861,138
4862,2426
4863,1552
4864,61
4865,1551
4866,16
4867,501
4868,69
4869,2587
4870,972
4871,70
4872,2661
4873,60
4874,25
4875,137
4876,2203
4877,53
4878,3
4879,1395
4880,68
4881,128
4882,1662
4883,1581
4884,307
4885,1922
4886,1106
4887,32
4888,119
4889,1443
4890,1444
4891,1445
4892,1446
4893,1447
4894,1448
4895,1449
4896,1442
4897,2257
4898,116
4899,1360
4900,773
4901,561
4902,562
4903,963
4904,1254
4905,2467
4906,964
4907,563
4908,861
4909,564
4910,565
4911,566
4912,567
4913,2516
4914,2057
4915,2058
4916,2213
4917,2060
4918,405
4919,2536
4920,1040
4921,15
4922,244
4923,2
4924,2270
4925,26
4926,404
4927,2062
4928,2059
4929,2061
4930,495
4931,2666
4932,274
4933,1323
4934,219
4935,2436
4936,220
4937,2692
4938,1788
4939,2
4940,1554
4941,1322
4942,1408
4943,221
4944,2484
4945,785
4946,2433
4947,2435
4948,2436
4949,51
4950,2437
4951,2438
4952,2439
4953,1598
4954,2440
4955,2441
4956,2442
4957,51
4958,233
4959,4
4960,2443
4961,2434
4962,780
4963,2327
4964,278
4965,2329
4966,4
4967,32
4968,2330
4969,2
4970,2331
4971,1350
4972,15
4973,2609
4974,2332
4975,2333
4976,2334
4977,2328
4978,2326
4979,1006
4980,1117
4981,2024
4982,1798
4983,15
4984,2348
4985,1007
4986,2
4987,1544
4988,192
4989,2487
4990,102
4991,2465
4992,38
4993,1577
4994,505
4995,506
4996,1239
4997,2401
4998,1633
4999,1198
5000,38
5001,2386
5002,1574
5003,1264
5004,507
5005,508
5006,848
5007,509
5008,142
5009,550
5010,2808
5011,2
5012,2
5013,2606
5014,2063
5015,2064
5016,2065
5017,2
5018,15
5019,2066
5020,2067
5021,2068
5022,1
5023,2070
5024,374
5025,2069
5026,773
5027,774
5028,32
5029,1382
5030,65
5031,1
5032,775
5033,123
5034,1451
5035,15
5036,1315
5037,776
5038,13
5039,990
5040,37
5041,1552
5042,2
5043,1513
5044,1259
5045,1260
5046,1261
5047,1743
5048,1955
5049,884
5050,1841
5051,165
5052,1262
5053,2
5054,1263
5055,33
5056,15
5057,2039
5058,831
5059,737
5060,2
5061,832
5062,833
5063,1930
5064,136
5065,834
5066,2008
5067,835
5068,2
5069,127
5070,836
5071,1247
5072,837
5073,2658
5074,2393
5075,2
5076,1579
5077,15
5078,2
5079,1230
5080,1231
5081,1362
5082,1232
5083,30
5084,1233
5085,557
5086,1234
5087,2649
5088,1235
5089,2784
5090,1524
5091,694
5092,1446
5093,1357
5094,53
5095,428
5096,194
5097,1894
5098,16
5099,1716
5100,1023
5101,4
5102,114
5103,176
5104,890
5105,195
5106,519
5107,766
5108,900
5109,196
5110,806
5111,197
5112,2155
5113,198
5114,1187
5115,103
5116,247
5117,199
5118,533
5119,2497
5120,104
5121,2066
5122,229
5123,2536
5124,2
5125,882
5126,115
5127,200
5128,2
5129,573
5130,2232
5131,316
5132,1896
5133,2743
5134,201
5135,30
5136,2
5137,197
5138,68
5139,2470
5140,2
5141,1928
5142,1929
5143,1930
5144,1059
5145,39
5146,2031
5147,1931
5148,1932
5149,2193
5150,15
5151,1933
5152,2792
5153,1934
5154,1641
5155,187
5156,1642
5157,1644
5158,1645
5159,57
5160,1646
5161,89
5162,1647
5163,69
5164,15
5165,1648
5166,1649
5167,1650
5168,2705
5169,1643
5170,1451
5171,1963
5172,1904
5173,54
5174,1905
5175,153
5176,1906
5177,1907
5178,1909
5179,1491
5180,4
5181,1910
5182,1911
5183,1912
5184,345
5185,1908
5186,378
5187,2
5188,244
5189,499
5190,219
5191,1348
5192,2545
5193,2
5194,379
5195,1625
5196,2731
5197,57
5198,373
5199,380
5200,1593
5201,1938
5202,399
5203,0
5204,400
5205,2629
5206,123
5207,2136
5208,32
5209,584
5210,401
5211,424
5212,402
5213,399
5214,2522
5215,1800
5216,15
5217,403
5218,1528
5219,999
5220,1000
5221,16
5222,1001
5223,1002
5224,1003
5225,2756
5226,24
5227,15
5228,1004
5229,1005
5230,1710
5231,996
5232,38
5233,1529
5234,871
5235,920
5236,2
5237,1274
5238,1210
5239,2479
5240,801
5241,2455
5242,872
5243,1262
5244,2
5245,873
5246,38
5247,1367
5248,4
5249,2146
5250,1863
5251,244
5252,1864
5253,16
5254,944
5255,1865
5256,2742
5257,317
5258,1866
5259,1867
5260,1868
5261,1869
5262,2049
5263,1870
5264,1871
5265,2318
5266,240
5267,33
5268,1779
5269,33
5270,1986
5271,674
5272,2771
5273,565
5274,599
5275,1318
5276,2709
5277,1285
5278,1049
5279,1624
5280,1361
5281,1442
5282,1855
5283,614
5284,831
5285,1856
5286,15
5287,1857
5288,1349
5289,1
5290,3
5291,2238
5292,1859
5293,1860
5294,1861
5295,1
5296,1862
5297,1858
5298,2
5299,1782
5300,16
5301,47
5302,559
5303,479
5304,723
5305,43
5306,480
5307,2764
5308,733
5309,1396
5310,481
5311,823
5312,482
5313,1856
5314,86
5315,15
5316,87
5317,88
5318,1592
5319,1
5320,1226
5321,89
5322,359
5323,2478
5324,195
5325,30
5326,90
5327,1667
5328,91
5329,85
5330,842
5331,804
5332,93
5333,1805
5334,81
5335,1962
5336,2374
5337,203
5338,340
5339,83
5340,1819
5341,496
5342,2529
5343,84
5344,1080
5345,82
5346,15
5347,2451
5348,1921
5349,16
5350,2452
5351,2748
5352,2453
5353,2454
5354,51
5355,2455
5356,37
5357,51
5358,2456
5359,209
5360,2457
5361,2734
5362,789
5363,2536
5364,10
5365,595
5366,600
5367,601
5368,602
5369,95
5370,838
5371,244
5372,2139
5373,2712
5374,603
5375,17
5376,2586
5377,1305
5378,1752
5379,0
5380,254
5381,818
5382,1150
5383,2782
5384,295
5385,877
5386,711
5387,296
5388,16
5389,293
5390,2786
5391,297
5392,298
5393,299
5394,2793
5395,2795
5396,2
5397,2796
5398,2797
5399,2798
5400,523
5401,2799
5402,2800
5403,1
5404,2801
5405,2802
5406,165
5407,2803
5408,449
5409,2794
5410,24
5411,2131
5412,38
5413,2071
5414,2072
5415,2073
5416,2074
5417,2075
5418,1537
5419,2076
5420,2572
5421,2177
5422,2077
5423,1492
5424,2078
5425,33
5426,1105
5427,4
5428,1
5429,1476
5430,1106
5431,2159
5432,68
5433,138
5434,1107
5435,1108
5436,35
5437,1109
5438,115
5439,1110
5440,196
5441,1111
5442,1162
5443,1650
5444,1163
5445,1164
5446,575
5447,1705
5448,1165
5449,1978
5450,1166
5451,16
5452,10
5453,189
5454,1167
5455,1168
5456,32
5457,1514
5458,1300
5459,1190
5460,1191
5461,1192
5462,561
5463,2306
5464,2167
5465,2
5466,1927
5467,1193
5468,15
5469,1194
5470,1378
5471,1195
5472,1196
5473,2169
5474,1467
5475,2777
5476,2165
5477,438
5478,104
5479,15
5480,1293
5481,421
5482,354
5483,942
5484,75
5485,0
5486,762
5487,382
5488,2021
5489,355
5490,1967
5491,2819
5492,191
5493,255
5494,1391
5495,328
5496,30
5497,112
5498,16
5499,8
5500,2750
5501,113
5502,68
5503,114
5504,115
5505,61
5506,2595
5507,2602
5508,15
5509,2596
5510,2597
5511,16
5512,337
5513,2599
5514,2600
5515,15
5516,2
5517,26
5518,2601
5519,2602
5520,194
5521,2598
5522,2
5523,2
5524,155
5525,2576
5526,2577
5527,374
5528,2578
5529,2579
5530,593
5531,2580
5532,2581
5533,102
5534,2582
5535,2583
5536,2585
5537,2584
5538,1532
5539,60
5540,562
5541,290
5542,594
5543,291
5544,377
5545,2300
5546,671
5547,15
5548,2404
5549,163
5550,15
5551,912
5552,2102
5553,1451
5554,10
5555,2
5556,166
5557,1324
5558,426
5559,167
5560,39
5561,168
5562,299
5563,1192
5564,1840
5565,552
5566,169
5567,16
5568,2116
5569,485
5570,2387
5571,2389
5572,2390
5573,1451
5574,95
5575,2391
5576,2392
5577,2
5578,1368
5579,2393
5580,39
5581,2394
5582,916
5583,2395
5584,1368
5585,2388
5586,60
5587,1210
5588,1211
5589,2787
5590,1212
5591,1213
5592,17
5593,2
5594,1214
5595,1215
5596,1217
5597,2297
5598,15
5599,1219
5600,1216
5601,1218
5602,1392
5603,217
5604,1951
5605,259
5606,1676
5607,17
5608,101
5609,637
5610,607
5611,1
5612,61
5613,589
5614,515
5615,2641
5616,102
5617,14
5618,115
5619,488
5620,4
5621,1400
5622,2
5623,183
5624,1264
5625,1265
5626,1266
5627,153
5628,374
5629,1267
5630,1885
5631,4
5632,51
5633,1882
5634,189
5635,962
5636,963
5637,2539
5638,1097
5639,1205
5640,964
5641,1778
5642,102
5643,965
5644,966
5645,2151
5646,967
5647,21
5648,968
5649,803
5650,1820
5651,119
5652,2005
5653,1822
5654,1899
5655,2
5656,1823
5657,1824
5658,1825
5659,2
5660,1826
5661,1827
5662,1828
5663,457
5664,1829
5665,1821
5666,2698
5667,2699
5668,43
5669,2700
5670,2701
5671,2702
5672,2703
5673,2704
5674,2705
5675,2706
5676,1793
5677,244
5678,2707
5679,2708
5680,2709
5681,2710
5682,2
5683,1655
5684,226
5685,2
5686,1177
5687,16
5688,1178
5689,2
5690,1179
5691,1180
5692,1181
5693,1182
5694,2
5695,2
5696,2502
5697,1183
5698,2669
5699,2670
5700,2671
5701,2672
5702,2673
5703,2723
5704,1424
5705,2674
5706,30
5707,193
5708,2676
5709,2677
5710,2678
5711,2679
5712,2680
5713,2675
5714,533
5715,2045
5716,242
5717,1795
5718,725
5719,995
5720,534
5721,2730
5722,1269
5723,2147
5724,1981
5725,535
5726,2650
5727,977
5728,1523
5729,536
5730,2224
5731,2
5732,2225
5733,150
5734,2226
5735,2227
5736,132
5737,2228
5738,2229
5739,2230
5740,1451
5741,2231
5742,2232
5743,2233
5744,2234
5745,1008
5746,104
5747,873
5748,275
5749,1851
5750,254
5751,255
5752,15
5753,542
5754,955
5755,112
5756,1960
5757,1550
5758,39
5759,99
5760,256
5761,39
5762,237
5763,2729
5764,2
5765,186
5766,8
5767,2693
5768,1771
5769,1948
5770,1211
5771,224
5772,1451
5773,9
5774,1328
5775,154
5776,10
5777,1
5778,1934
5779,2
5780,2796
5781,1066
5782,31
5783,2
5784,1356
5785,339
5786,2324
5787,3
5788,4
5789,2722
5790,2485
5791,2419
5792,1813
5793,691
5794,2092
5795,2360
5796,2093
5797,2469
5798,2094
5799,2095
5800,2096
5801,2097
5802,8
5803,2098
5804,2099
5805,39
5806,2100
5807,2101
5808,2
5809,693
5810,277
5811,286
5812,726
5813,2
5814,39
5815,278
5816,1494
5817,221
5818,342
5819,279
5820,411
5821,1451
5822,431
5823,1004
5824,601
5825,280
5826,2112
5827,1734
5828,2
5829,1735
5830,2
5831,1736
5832,1737
5833,2099
5834,1499
5835,1738
5836,1902
5837,16
5838,1739
5839,1740
5840,1741
5841,171
5842,1032
5843,15
5844,456
5845,727
5846,2781
5847,357
5848,217
5849,15
5850,39
5851,2
5852,1085
5853,218
5854,1373
5855,2191
5856,2
5857,1470
5858,24
5859,122
5860,80
5861,57
5862,95
5863,0
5864,20
5865,11
5866,53
5867,145
5868,65
5869,345
5870,240
5871,103
5872,75
5873,123
5874,1037
5875,1717
5876,1038
5877,1039
5878,2247
5879,1263
5880,1040
5881,2216
5882,2385
5883,1761
5884,2313
5885,1299
5886,2088
5887,1041
5888,2305
5889,80
5890,732
5891,1339
5892,733
5893,2
5894,734
5895,1164
5896,1035
5897,2432
5898,735
5899,736
5900,737
5901,1387
5902,738
5903,739
5904,740
5905,16
5906,1504
5907,1450
5908,88
5909,1173
5910,1349
5911,66
5912,27
5913,199
5914,56
5915,72
5916,1061
5917,384
5918,414
5919,796
5920,147
5921,277
5922,102
5923,174
5924,175
5925,2323
5926,176
5927,15
5928,51
5929,2310
5930,2550
5931,2320
5932,177
5933,627
5934,662
5935,1087
5936,1281
5937,2303
5938,1706
5939,1853
5940,454
5941,1707
5942,1708
5943,1709
5944,1710
5945,277
5946,1
5947,1711
5948,2461
5949,1932
5950,1713
5951,2794
5952,33
5953,1712
5954,1604
5955,2
5956,75
5957,1605
5958,634
5959,1606
5960,64
5961,1607
5962,1608
5963,561
5964,445
5965,1609
5966,2043
5967,2211
5968,1684
5969,39
5970,41
5971,266
5972,490
5973,39
5974,1388
5975,141
5976,68
5977,2322
5978,1170
5979,497
5980,505
5981,1069
5982,15
5983,1742
5984,308
5985,142
5986,2343
5987,2344
5988,15
5989,2
5990,2345
5991,2346
5992,24
5993,2348
5994,2
5995,2349
5996,57
5997,115
5998,2350
5999,2351
6000,2352
6001,2347
6002,47
6003,2085
6004,2086
6005,1
6006,75
6007,51
6008,2087
6009,2088
6010,2089
6011,2090
6012,2091
6013,18
6014,546
6015,6
6016,51
6017,2130
6018,954
6019,806
6020,807
6021,808
6022,116
6023,2726
6024,635
6025,557
6026,2364
6027,809
6028,163
6029,32
6030,810
6031,812
6032,813
6033,811
6034,1216
6035,919
6036,920
6037,15
6038,180
6039,1852
6040,1107
6041,1265
6042,921
6043,2568
6044,8
6045,1018
6046,922
6047,148
6048,923
6049,156
6050,1273
6051,95
6052,45
6053,1673
6054,1584
6055,68
6056,2
6057,1
6058,1274
6059,2041
6060,1275
6061,2189
6062,1694
6063,27
6064,2106
6065,1276
6066,87
6067,1635
6068,260
6069,1636
6070,1637
6071,1647
6072,1492
6073,1883
6074,1638
6075,244
6076,8
6077,1639
6078,240
6079,1640
6080,2
6081,2667
6082,2
6083,1887
6084,1888
6085,1889
6086,1890
6087,622
6088,2557
6089,1891
6090,2
6091,1892
6092,1893
6093,1894
6094,1895
6095,1896
6096,1897
6097,409
6098,311
6099,387
6100,935
6101,15
6102,363
6103,17
6104,257
6105,1451
6106,474
6107,2790
6108,865
6109,312
6110,509
6111,484
6112,313
6113,608
6114,563
6115,1377
6116,60
6117,2583
6118,41
6119,60
6120,2800
6121,634
6122,73
6123,2228
6124,68
6125,635
6126,636
6127,2595
6128,524
6129,2157
6130,702
6131,1026
6132,703
6133,1451
6134,99
6135,2576
6136,704
6137,2671
6138,238
6139,705
6140,706
6141,1241
6142,2
6143,244
6144,707
6145,708
6146,969
6147,2104
6148,970
6149,971
6150,982
6151,2220
6152,39
6153,1330
6154,972
6155,973
6156,1600
6157,2352
6158,163
6159,1083
6160,60
6161,1256
6162,2176
6163,466
6164,41
6165,42
6166,15
6167,43
6168,643
6169,235
6170,683
6171,16
6172,475
6173,2
6174,825
6175,2037
6176,15
6177,1873
6178,2390
6179,17
6180,1042
6181,47
6182,75
6183,51
6184,2
6185,1
6186,51
6187,1043
6188,554
6189,1044
6190,1512
6191,1045
6192,1599
6193,1728
6194,549
6195,534
6196,885
6197,1698
6198,1699
6199,1700
6200,2818
6201,1701
6202,1702
6203,2806
6204,1703
6205,2601
6206,1870
6207,14
6208,1704
6209,1705
6210,61
6211,1435
6212,1
6213,2
6214,1348
6215,15
6216,1349
6217,16
6218,1723
6219,2406
6220,2311
6221,1350
6222,1351
6223,1352
6224,2766
6225,2727
6226,507
6227,1106
6228,524
6229,487
6230,801
6231,269
6232,2128
6233,944
6234,668
6235,245
6236,220
6237,330
6238,755
6239,7
6240,1151
6241,164
6242,374
6243,1471
6244,1424
6245,1425
6246,53
6247,1426
6248,1427
6249,110
6250,1428
6251,2134
6252,1429
6253,110
6254,1430
6255,1431
6256,2749
6257,2
6258,1561
6259,1044
6260,837
6261,335
6262,855
6263,336
6264,2813
6265,16
6266,41
6267,1654
6268,1722
6269,2347
6270,337
6271,1284
6272,338
6273,103
6274,2
6275,15
6276,16
6277,39
6278,1
6279,4
6280,51
6281,60
6282,1451
6283,33
6284,32
6285,30
6286,115
6287,8
6288,61
6289,47
6290,1810
6291,20
6292,1789
6293,974
6294,975
6295,1835
6296,2233
6297,976
6298,32
6299,977
6300,978
6301,979
6302,980
6303,1659
6304,1184
6305,1677
6306,547
6307,2
6308,1972
6309,953
6310,11
6311,390
6312,2273
6313,12
6314,2110
6315,13
6316,172
6317,719
6318,15
6319,256
6320,652
6321,14
6322,2681
6323,30
6324,2682
6325,2683
6326,244
6327,2
6328,2684
6329,2685
6330,2686
6331,2687
6332,15
6333,2688
6334,51
6335,2689
6336,1037
6337,57
6338,1268
6339,102
6340,1269
6341,2559
6342,1726
6343,41
6344,1806
6345,138
6346,244
6347,1270
6348,61
6349,5
6350,218
6351,1271
6352,1272
6353,2022
6354,4
6355,2732
6356,2414
6357,2733
6358,2734
6359,2735
6360,1737
6361,15
6362,2747
6363,2736
6364,2737
6365,2738
6366,108
6367,956
6368,2739
6369,2740
6370,2586
6371,2588
6372,2329
6373,2589
6374,2590
6375,115
6376,219
6377,42
6378,125
6379,60
6380,2591
6381,8
6382,2593
6383,2594
6384,2587
6385,2592
6386,2711
6387,2
6388,2712
6389,30
6390,2713
6391,2714
6392,2715
6393,2716
6394,15
6395,2717
6396,4
6397,2718
6398,2719
6399,176
6400,2720
6401,153
6402,1435
6403,1685
6404,4
6405,1801
6406,15
6407,2
6408,1632
6409,1436
6410,1437
6411,2694
6412,980
6413,2
6414,1438
6415,1439
6416,1440
6417,1441
6418,1473
6419,1260
6420,1110
6421,17
6422,329
6423,1696
6424,2
6425,2
6426,2739
6427,100
6428,1248
6429,473
6430,204
6431,16
6432,16
6433,2
6434,2741
6435,535
6436,2742
6437,2743
6438,130
6439,2744
6440,2745
6441,2746
6442,2747
6443,2
6444,68
6445,2748
6446,2749
6447,2750
6448,2751
6449,2752
6450,1321
6451,1322
6452,2623
6453,9
6454,1323
6455,1324
6456,1325
6457,1326
6458,69
6459,105
6460,51
6461,1327
6462,1328
6463,159
6464,2
6465,1329
6466,320
6467,104
6468,386
6469,43
6470,992
6471,506
6472,389
6473,2079
6474,132
6475,1232
6476,321
6477,15
6478,322
6479,323
6480,748
6481,2381
6482,350
6483,1688
6484,1027
6485,2
6486,1403
6487,352
6488,32
6489,353
6490,1171
6491,1204
6492,611
6493,291
6494,15
6495,1626
6496,513
6497,351
6498,654
6499,15
6500,423
6501,911
6502,162
6503,182
6504,145
6505,282
6506,151
6507,30
6508,43
6509,152
6510,2285
6511,1172
6512,15
6513,16
6514,421
6515,1939
6516,422
6517,1804
6518,1984
6519,423
6520,125
6521,2
6522,2
6523,2675
6524,529
6525,0
6526,2040
6527,1101
6528,2
6529,2292
6530,1365
6531,1614
6532,2047
6533,793
6534,2170
6535,15
6536,612
6537,16
6538,15
6539,936
6540,32
6541,708
6542,1725
6543,39
6544,40
6545,25
6546,558
6547,15
6548,1957
6549,209
6550,15
6551,2
6552,51
6553,240
6554,559
6555,2184
6556,560
6557,153
6558,763
6559,51
6560,1753
6561,2544
6562,1618
6563,1802
6564,1619
6565,1620
6566,1621
6567,1622
6568,2
6569,4
6570,1675
6571,1539
6572,1623
6573,1624
6574,1625
6575,176
6576,2337
6577,15
6578,2198
6579,2
6580,361
6581,362
6582,600
6583,363
6584,1445
6585,30
6586,2642
6587,364
6588,39
6589,60
6590,2515
6591,1058
6592,2
6593,539
6594,1310
6595,476
6596,2451
6597,1791
6598,468
6599,941
6600,180
6601,243
6602,30
6603,477
6604,2430
6605,2
6606,531
6607,2536
6608,104
6609,478
6610,2733
6611,2687
6612,1923
6613,1793
6614,2250
6615,2252
6616,2719
6617,2253
6618,2255
6619,2256
6620,2257
6621,2258
6622,114
6623,2259
6624,2254
6625,2251
6626,209
6627,1611
6628,1988
6629,39
6630,2
6631,2345
6632,1298
6633,1415
6634,1331
6635,2
6636,1158
6637,1160
6638,2168
6639,2073
6640,1159
6641,1161
6642,122
6643,1973
6644,30
6645,1974
6646,1975
6647,1976
6648,2425
6649,1977
6650,1978
6651,1979
6652,1980
6653,2271
6654,412
6655,1981
6656,2223
6657,16
6658,2414
6659,422
6660,743
6661,1332
6662,159
6663,494
6664,360
6665,2536
6666,94
6667,1879
6668,87
6669,859
6670,956
6671,663
6672,278
6673,1350
6674,33
6675,244
6676,115
6677,2728
6678,1236
6679,47
6680,16
6681,39
6682,1237
6683,975
6684,2052
6685,1238
6686,808
6687,1239
6688,2
6689,37
6690,2160
6691,2
6692,2161
6693,155
6694,2162
6695,2495
6696,525
6697,2163
6698,2164
6699,378
6700,2663
6701,744
6702,2
6703,2289
6704,644
6705,2
6706,232
6707,146
6708,498
6709,2612
6710,283
6711,147
6712,148
6713,768
6714,149
6715,150
6716,658
6717,858
6718,1935
6719,2113
6720,2686
6721,2
6722,1501
6723,1502
6724,1503
6725,42
6726,8
6727,2
6728,1809
6729,2814
6730,96
6731,122
6732,2
6733,39
6734,1505
6735,1506
6736,1451
6737,1504
6738,2305
6739,2306
6740,2307
6741,2308
6742,2309
6743,2310
6744,64
6745,2312
6746,2313
6747,95
6748,2531
6749,2314
6750,2315
6751,2316
6752,72
6753,2311
6754,1029
6755,2278
6756,1030
6757,345
6758,1031
6759,1032
6760,338
6761,1033
6762,1128
6763,808
6764,2628
6765,1889
6766,1035
6767,1036
6768,1989
6769,1034
6770,2150
6771,536
6772,2151
6773,2152
6774,2153
6775,374
6776,2155
6777,2536
6778,2156
6779,2157
6780,1224
6781,1100
6782,2158
6783,2159
6784,221
6785,2154
6786,1145
6787,1214
6788,1822
6789,1146
6790,1147
6791,557
6792,1148
6793,1149
6794,2
6795,2009
6796,2357
6797,1150
6798,2290
6799,1151
6800,1572
6801,126
6802,2128
6803,2129
6804,2130
6805,2131
6806,30
6807,2133
6808,2134
6809,2135
6810,2136
6811,2137
6812,2138
6813,2139
6814,46
6815,2820
6816,2132
6817,2140
6818,1096
6819,1097
6820,1098
6821,1099
6822,1100
6823,1101
6824,326
6825,1102
6826,685
6827,2234
6828,38
6829,15
6830,1103
6831,1104
6832,46
6833,383
6834,39
6835,445
6836,2212
6837,37
6838,594
6839,1152
6840,595
6841,672
6842,596
6843,1850
6844,948
6845,15
6846,1
6847,597
6848,598
6849,599
6850,2753
6851,2754
6852,2755
6853,2757
6854,2758
6855,2759
6856,2760
6857,2761
6858,2762
6859,2763
6860,2765
6861,2
6862,2766
6863,2756
6864,15
6865,2764
6866,1220
6867,1221
6868,2710
6869,1277
6870,1222
6871,1223
6872,1224
6873,130
6874,1226
6875,1227
6876,110
6877,1228
6878,1306
6879,606
6880,1225
6881,1229
6882,1251
6883,463
6884,974
6885,427
6886,250
6887,375
6888,2648
6889,856
6890,2334
6891,222
6892,887
6893,223
6894,1453
6895,224
6896,1416
6897,973
6898,2413
6899,1507
6900,2440
6901,2224
6902,1509
6903,1510
6904,2365
6905,1691
6906,1608
6907,1511
6908,1512
6909,1513
6910,2827
6911,1195
6912,1508
6913,218
6914,1660
6915,1661
6916,2525
6917,2473
6918,15
6919,30
6920,980
6921,1662
6922,2788
6923,102
6924,2117
6925,1663
6926,2558
6927,1664
6928,2132
6929,41
6930,206
6931,244
6932,585
6933,2
6934,2100
6935,586
6936,2
6937,489
6938,32
6939,1881
6940,14
6941,628
6942,2186
6943,1243
6944,1500
6945,587
6946,2422
6947,2752
6948,2423
6949,0
6950,2425
6951,2426
6952,1136
6953,696
6954,2427
6955,2428
6956,26
6957,2429
6958,2430
6959,2431
6960,2432
6961,2424
6962,1830
6963,374
6964,1831
6965,1832
6966,2775
6967,138
6968,1833
6969,1834
6970,1835
6971,16
6972,33
6973,2097
6974,1836
6975,2017
6976,523
6977,2825
6978,2315
6979,1467
6980,2
6981,1468
6982,1469
6983,2541
6984,51
6985,15
6986,61
6987,1470
6988,37
6989,1471
6990,1459
6991,1472
6992,1473
6993,135
6994,1462
6995,408
6996,409
6997,37
6998,1160
6999,1834
7000,219
7001,410
7002,115
7003,30
7004,280
7005,411
7006,1042
7007,219
7008,430
7009,1909
7010,1072
7011,330
7012,2724
7013,2490
7014,1073
7015,1074
7016,1075
7017,2746
7018,1076
7019,1077
7020,1078
7021,113
7022,1080
7023,1081
7024,1079
7025,1149
7026,1282
7027,1054
7028,2536
7029,1055
7030,1056
7031,1134
7032,2
7033,51
7034,2
7035,81
7036,1057
7037,1058
7038,1440
7039,32
7040,1486
7041,1309
7042,264
7043,175
7044,1158
7045,536
7046,227
7047,98
7048,306
7049,579
7050,737
7051,554
7052,222
7053,449
7054,634
7055,393
7056,1183
7057,399
7058,1019
7059,1220
7060,1451
7061,170
7062,1255
7063,1236
7064,2258
7065,2823
7066,820
7067,689
7068,530
7069,1115
7070,117
7071,118
7072,116
7073,1381
7074,1287
7075,1288
7076,1289
7077,60
7078,1158
7079,743
7080,1290
7081,2429
7082,2
7083,1291
7084,176
7085,194
7086,116
7087,1292
7088,1293
7089,2105
7090,2
7091,1922
7092,2004
7093,16
7094,1924
7095,1925
7096,1926
7097,1971
7098,2255
7099,47
7100,2
7101,1927
7102,2758
7103,53
7104,2822
7105,1923
7106,248
7107,249
7108,2296
7109,250
7110,251
7111,2350
7112,2
7113,583
7114,857
7115,1557
7116,2707
7117,1507
7118,1181
7119,39
7120,1910
7121,258
7122,1493
7123,374
7124,125
7125,51
7126,1785
7127,1494
7128,24
7129,538
7130,1495
7131,1634
7132,1496
7133,1497
7134,1498
7135,1499
7136,1500
7137,2050
7138,2443
7139,442
7140,1746
7141,2607
7142,70
7143,1698
7144,1
7145,284
7146,65
7147,1296
7148,318
7149,160
7150,653
7151,64
7152,82
7153,38
7154,2515
7155,2
7156,2516
7157,2
7158,2517
7159,2327
7160,2
7161,394
7162,2518
7163,2519
7164,2520
7165,2521
7166,2522
7167,2523
7168,65
7169,2
7170,1389
7171,884
7172,692
7173,1390
7174,2384
7175,1391
7176,1868
7177,1697
7178,1392
7179,1393
7180,1394
7181,2437
7182,1395
7183,1396
7184,1388
7185,1829
7186,16
7187,1490
7188,2086
7189,1184
7190,685
7191,1185
7192,1186
7193,16
7194,394
7195,1307
7196,1187
7197,1242
7198,1188
7199,1189
7200,1317
7201,47
7202,30
7203,1817
7204,77
7205,667
7206,146
7207,947
7208,2521
7209,1741
7210,143
7211,2111
7212,2018
7213,320
7214,418
7215,303
7216,200
7217,2109
7218,1277
7219,1278
7220,1279
7221,2757
7222,1280
7223,1281
7224,673
7225,1282
7226,1283
7227,2549
7228,1284
7229,17
7230,1285
7231,1286
7232,2225
7233,8
7234,752
7235,32
7236,103
7237,15
7238,753
7239,2
7240,18
7241,1707
7242,754
7243,937
7244,755
7245,39
7246,2718
7247,538
7248,2185
7249,2805
7250,1538
7251,1702
7252,115
7253,2779
7254,1540
7255,1931
7256,1541
7257,1542
7258,1606
7259,164
7260,1846
7261,546
7262,86
7263,15
7264,1537
7265,1539
7266,1771
7267,1772
7268,1773
7269,2689
7270,1
7271,1774
7272,1775
7273,81
7274,1776
7275,1777
7276,1790
7277,1778
7278,1779
7279,1780
7280,1781
7281,338
7282,749
7283,66
7284,1915
7285,15
7286,2489
7287,718
7288,2
7289,67
7290,527
7291,1505
7292,415
7293,8
7294,476
7295,1021
7296,2346
7297,39
7298,1089
7299,1961
7300,2460
7301,1270
7302,238
7303,2
7304,1893
7305,2072
7306,2763
7307,1301
7308,4
7309,2286
7310,239
7311,39
7312,2349
7313,1876
7314,735
7315,78
7316,1737
7317,1261
7318,365
7319,273
7320,2329
7321,996
7322,469
7323,346
7324,144
7325,1466
7326,0
7327,272
7328,1
7329,63
7330,2458
7331,75
7332,2460
7333,2614
7334,114
7335,16
7336,2461
7337,2462
7338,2464
7339,1879
7340,2465
7341,8
7342,2466
7343,2467
7344,2459
7345,2463
7346,592
7347,2
7348,1767
7349,685
7350,2240
7351,2274
7352,1718
7353,805
7354,686
7355,15
7356,1344
7357,0
7358,1010
7359,1855
7360,2770
7361,1635
7362,757
7363,721
7364,917
7365,722
7366,723
7367,1780
7368,724
7369,80
7370,2075
7371,11
7372,1143
7373,725
7374,37
7375,15
7376,32
7377,30
7378,2804
7379,2805
7380,2806
7381,2807
7382,2808
7383,2809
7384,2810
7385,2811
7386,2812
7387,2814
7388,2815
7389,899
7390,2816
7391,2813
7392,39
7393,15
7394,1
7395,16
7396,234
7397,1993
7398,870
7399,406
7400,1837
7401,155
7402,235
7403,2312
7404,452
7405,486
7406,236
7407,237
7408,453
7409,1402
7410,113
7411,99
7412,432
7413,4
7414,888
7415,4
7416,339
7417,340
7418,1451
7419,341
7420,342
7421,343
7422,344
7423,799
7424,51
7425,2412
7426,8
7427,1947
7428,1651
7429,1653
7430,1534
7431,1709
7432,1654
7433,2338
7434,1655
7435,1656
7436,1657
7437,1658
7438,2
7439,1874
7440,1652
7441,1659
7442,260
7443,2
7444,894
7445,425
7446,427
7447,710
7448,464
7449,428
7450,429
7451,430
7452,240
7453,424
7454,8
7455,33
7456,1493
7457,426
7458,1302
7459,15
7460,1303
7461,2
7462,1304
7463,1305
7464,16
7465,1306
7466,133
7467,1658
7468,1645
7469,1307
7470,2319
7471,2740
7472,2115
7473,39
7474,196
7475,1103
7476,314
7477,2596
7478,2
7479,1153
7480,2573
7481,316
7482,1267
7483,1565
7484,993
7485,2560
7486,1916
7487,2578
7488,16
7489,315
7490,35
7491,744
7492,47
7493,118
7494,2141
7495,2142
7496,2143
7497,2144
7498,2145
7499,2146
7500,60
7501,2147
7502,2148
7503,2149
7504,51
7505,1451
7506,1520
7507,2803
7508,20
7509,1521
7510,197
7511,53
7512,1522
7513,1749
7514,95
7515,1773
7516,51
7517,1524
7518,1525
7519,1526
7520,1523
7521,15
7522,2
7523,702
7524,122
7525,117
7526,419
7527,60
7528,15
7529,1706
7530,51
7531,16
7532,528
7533,1072
7534,2645
7535,602
7536,420
7537,2605
7538,1807
7539,2679
7540,2
7541,32
7542,1154
7543,86
7544,2768
7545,166
7546,420
7547,1985
7548,1977
7549,616
7550,1294
7551,1758
7552,211
7553,1738
7554,1535
7555,1759
7556,1760
7557,176
7558,1761
7559,2696
7560,108
7561,1762
7562,30
7563,1763
7564,1764
7565,32
7566,1765
7567,535
7568,163
7569,39
7570,80
7571,17
7572,909
7573,51
7574,2054
7575,241
7576,2445
7577,440
7578,2389
7579,2714
7580,1531
7581,242
7582,1
7583,1354
7584,15
7585,1228
7586,19
7587,2
7588,1482
7589,1483
7590,2817
7591,1484
7592,1485
7593,1486
7594,1487
7595,1488
7596,1489
7597,1490
7598,2670
7599,1492
7600,1491
7601,2472
7602,2817
7603,2818
7604,2819
7605,19
7606,2820
7607,2821
7608,2822
7609,2823
7610,108
7611,2824
7612,2825
7613,419
7614,2827
7615,1451
7616,15
7617,2826
7618,1913
7619,253
7620,16
7621,507
7622,374
7623,1136
7624,1915
7625,1916
7626,1917
7627,1918
7628,1919
7629,1920
7630,1921
7631,2762
7632,1914
7633,337
7634,2
7635,107
7636,2809
7637,119
7638,724
7639,1194
7640,302
7641,532
7642,16
7643,1682
7644,120
7645,121
7646,1148
7647,122
7648,188
7649,1451
7650,1450
7651,1451
7652,1452
7653,4
7654,2
7655,1453
7656,1969
7657,1454
7658,51
7659,1495
7660,2
7661,2589
7662,33
7663,2
7664,2477
7665,2
7666,49
7667,322
7668,1794
7669,1576
7670,1867
7671,55
7672,26
7673,1628
7674,51
7675,15
7676,813
7677,2
7678,249
7679,1
7680,50
7681,8
7682,975
7683,134
7684,1451
7685,412
7686,699
7687,1992
7688,1535
7689,289
7690,592
7691,2327
7692,999
7693,1008
7694,106
7695,48
7696,673
7697,150
7698,1
7699,2490
7700,2662
7701,2491
7702,2492
7703,1451
7704,103
7705,39
7706,39
7707,2494
7708,2495
7709,102
7710,2496
7711,38
7712,2493
7713,39
7714,163
7715,1797
7716,1798
7717,1799
7718,2107
7719,1800
7720,2500
7721,494
7722,115
7723,16
7724,86
7725,2685
7726,126
7727,11
7728,1801
7729,2293
7730,481
7731,301
7732,1690
7733,647
7734,665
7735,136
7736,692
7737,1671
7738,830
7739,96
7740,1202
7741,764
7742,666
7743,899
7744,1352
7745,896
7746,4
7747,1461
7748,1719
7749,2688
7750,1462
7751,16
7752,1463
7753,4
7754,2314
7755,1464
7756,17
7757,1466
7758,15
7759,2
7760,1465
7761,2179
7762,1484
7763,51
7764,1251
7765,1252
7766,1037
7767,1253
7768,32
7769,1254
7770,1255
7771,2
7772,1313
7773,1256
7774,1257
7775,2
7776,1258
7777,1990
7778,53
7779,1671
7780,37
7781,350
7782,2
7783,1672
7784,1673
7785,622
7786,1674
7787,1675
7788,68
7789,1676
7790,123
7791,1677
7792,1678
7793,1900
7794,1475
7795,1082
7796,293
7797,1692
7798,1914
7799,1763
7800,1083
7801,2
7802,1085
7803,1086
7804,1087
7805,557
7806,665
7807,1084
7808,1266
7809,1252
7810,1372
7811,293
7812,2563
7813,429
7814,1942
7815,457
7816,1374
7817,2380
7818,1375
7819,1376
7820,1377
7821,1378
7822,1379
7823,1380
7824,1373
7825,79
7826,1230
7827,47
7828,1283
7829,2
7830,697
7831,196
7832,1046
7833,1047
7834,97
7835,1048
7836,2028
7837,1521
7838,1320
7839,538
7840,1189
7841,1433
7842,1878
7843,341
7844,2302
7845,1879
7846,1880
7847,1881
7848,2307
7849,1882
7850,2511
7851,1883
7852,1884
7853,223
7854,15
7855,502
7856,1886
7857,1885
7858,2278
7859,2536
7860,2279
7861,36
7862,35
7863,39
7864,2281
7865,2282
7866,896
7867,2283
7868,2284
7869,176
7870,2286
7871,2280
7872,15
7873,2285
7874,279
7875,162
7876,410
7877,2268
7878,2
7879,370
7880,441
7881,597
7882,164
7883,51
7884,4
7885,1661
7886,165
7887,591
7888,163
7889,331
7890,1073
7891,1711
7892,61
7893,1329
7894,352
7895,1065
7896,978
7897,62
7898,751
7899,15
7900,292
7901,1055
7902,1411
7903,32
7904,63
7905,60
7906,2826
7907,1295
7908,11
7909,1296
7910,2057
7911,1297
7912,1298
7913,15
7914,1327
7915,1299
7916,1919
7917,1300
7918,1301
7919,2562
7920,240
7921,1294
7922,677
7923,1366
7924,2799
7925,1353
7926,776
7927,759
7928,1
7929,18
7930,2
7931,638
7932,901
7933,323
7934,185
7935,111
7936,1077
7937,664
7938,2611
7939,1008
7940,16
7941,1009
7942,2
7943,1872
7944,1010
7945,1011
7946,1012
7947,1013
7948,115
7949,1750
7950,1014
7951,30
7952,15
7953,1830
7954,2193
7955,2194
7956,60
7957,2195
7958,2218
7959,2196
7960,43
7961,2197
7962,2198
7963,2
7964,2199
7965,2200
7966,2201
7967,57
7968,2192
7969,622
7970,380
7971,18
7972,80
7973,345
7974,39
7975,346
7976,39
7977,347
7978,2
7979,348
7980,349
7981,32
7982,130
7983,138
7984,880
7985,1133
7986,1729
7987,1465
7988,202
7989,500
7990,1082
7991,203
7992,2015
7993,760
7994,60
7995,1946
7996,327
7997,204
7998,205
7999,206
8000,2774
8001,39
